Cod. Barras;NCM;Codigo;Produto;Apresentacao;Quantidade;Total Bruto;Desconto;Total Liquido;Ulti. Compra;Saldo Atual
7896241221853;30049042;8523;"ABLOK 25 MG C/30 COMPRIMIDOS""BIOLAB";BIOLAB SANUS;2;R$ 26,94 ;R$ 5,38 ;R$ 21,56 ;R$ 9,35 ;0
7896241225523;30049042;8932;ABLOK 50 MG CX C/30;50MG CX C/30 COMP;1;R$ 26,18 ;R$ 5,24 ;R$ 20,94 ;R$ 18,17 ;1
7896241225127;30049042;8942;ABLOK PLUS 50/12,5MG C/30 COMPRI;30 COMPR.50MG/12,5MG;3;R$ 102,12 ;R$ 20,43 ;R$ 81,69 ;R$ 23,64 ;3
7898040320973;30049099;11939;ABRILAR XAROPE 100 ML;100 ML;2;R$ 94,48 ;R$ 18,90 ;R$ 75,58 ;R$ 35,77 ;2
7506339394603;96190000;19500;ABS ALWAYS NOITE TRANQ C-ABAS SUAVE L8P7UN (1-UN);;2;R$ 13,40 ;R$ 0,00 ;R$ 13,40 ;R$ 4,78 ;11
7896007541867;96190000;16564;ABS INTERNO INTIMUS ;8UN MODERADO;2;R$ 12,00 ;R$ 0,00 ;R$ 12,00 ;R$ 5,08 ;17
7896007541874;96190000;16459;ABS INTERNO INTIMUS 8UN INTENSO;;1;R$ 6,00 ;R$ 0,00 ;R$ 6,00 ;R$ 5,08 ;10
7896007541850;96190000;16460;ABS INTERNO INTIMUS 8UN MINI;;1;R$ 6,00 ;R$ 0,00 ;R$ 6,00 ;R$ 17,85 ;-1
7896007547647;96190000;19694;ABS INTIMUS GEL C ABAS SECA TRIPLA PROT L9P8UN (1-;;1;R$ 3,50 ;R$ 0,00 ;R$ 3,50 ;R$ 2,83 ;6
7891010245603;96190000;21239;ABS OB INTERN COMFORT MEDIO C 8;;1;R$ 7,90 ;R$ 0,00 ;R$ 7,90 ;R$ 5,16 ;0
7891010245610;96190000;21241;ABS OB INTERN COMFORT SUPER C 8;;1;R$ 7,90 ;R$ 0,00 ;R$ 7,90 ;R$ 5,16 ;0
7896110008363;96190000;17640;ABS SYM SECA ;C/AB L16P14;1;R$ 4,03 ;R$ 0,00 ;R$ 4,03 ;R$ 4,29 ;5
7896110008042;96190000;17418;ABS SYM SUAVE;C/AB L16P14UN NORMAL;1;R$ 4,03 ;R$ 0,00 ;R$ 4,03 ;R$ 4,14 ;13
7896110007700;96190000;18886;ABS SYM SUAVE C/AB L8P7UN;;6;R$ 15,00 ;R$ 0,00 ;R$ 15,00 ;R$ 1,92 ;12
7891010503031;96190000;15615;ABS. SEMPRE LIVRE ESPECIAL SEM ABAS;8 UNIDADES;3;R$ 7,50 ;R$ 0,00 ;R$ 7,50 ;R$ 2,80 ;21
7896007548101;96190000;21090;ABS.INT.DAYS PROT.ULTRA FLEXIVEL L40 P30 1X40 UNID;;1;R$ 9,00 ;R$ 0,00 ;R$ 9,00 ;R$ 6,98 ;1
7896007540662;96190000;12016;ABS.INTIMUS GEL NOTURNO C/ABAS C/8;COD.7896007540662;5;R$ 20,25 ;R$ 0,00 ;R$ 20,25 ;R$ 3,83 ;19
7896007540617;96190000;12609;ABS.INTIMUS GEL SOFT C/ABAS C/8 UNID.;7896007540617 C/ABAS C/8 UNID.;3;R$ 10,50 ;R$ 0,00 ;R$ 10,50 ;R$ 127,01 ;3
7896007540600;96190000;12898;ABS.INTIMUS GEL SOFT SEM ABAS C/8 UNID.;NORMAL SOFT SEM ABAS;1;R$ 3,57 ;R$ 0,00 ;R$ 3,57 ;R$ 2,58 ;23
7891010031633;96190000;13620;ABS.SEMPRE LIVRE ADAPT C/ABAS SUAVE C/8;AGENTES NATURAIS;5;R$ 14,50 ;R$ 0,00 ;R$ 14,50 ;R$ 2,65 ;9
7896110002248;96190000;12610;ABS.SYM SUAVE C/ABAS C/8 UNID. ROXO ;"7896110002248 C/ ABAS C/ 8 ABS;";2;R$ 36,03 ;R$ 6,56 ;R$ 29,47 ;R$ 22,02 ;17
7500435127226;96190000;20821;ABSORV BASICO SECA C/ABAS ALWAYS 8UN;;1;R$ 3,50 ;R$ 0,00 ;R$ 3,50 ;R$ 2,70 ;4
7500435127240;96190000;20916;ABSORV BASICO SUAVE C/ABAS ALWAYS 8UN;;2;R$ 7,00 ;R$ 0,00 ;R$ 7,00 ;R$ 2,50 ;2
7896714214146;30049039;16957;ACEBROFILINA;10mg xpe fr 120ml adu;3;R$ 85,98 ;R$ 42,99 ;R$ 42,99 ;R$ 8,46 ;21
7899095233027;30049039;16428;ACEBROFILINA;xpe fr 120ml adu;4;R$ 112,24 ;R$ 56,12 ;R$ 56,12 ;R$ 8,11 ;63
7896112191490;30049069;20677;ACEBROFILINA 5MG XPE 120ML;5mg/ml xpe fr 120ml+cop;2;R$ 42,34 ;R$ 21,18 ;R$ 21,16 ;R$ 5,36 ;4
7896004722146;30049099;18140;ACECLOFENACO;100mg cx 2bl x 6 comp rev;1;R$ 33,11 ;R$ 16,55 ;R$ 16,56 ;R$ 8,03 ;-1
7897076909312;30049039;21278;ACECLOFENACO 100MG 12 COMP;100mg x 12cpr rev;1;R$ 32,63 ;R$ 16,32 ;R$ 16,31 ;R$ 7,67 ;0
7899095233805;30049099;16402;ACETILCISTEINA;20mg xpe fr 120ml inf;1;R$ 20,97 ;R$ 10,48 ;R$ 10,49 ;R$ 5,20 ;3
7898148293490;30043999;14455;ACETONIDA DE TRIANCINOLONA 1MG/G;POMADA BUCAL;8;R$ 95,36 ;R$ 47,68 ;R$ 47,68 ;R$ 3,68 ;33
7896658006432;30049099;14513;ACHEFLAN;CREME 30G;1;R$ 41,52 ;R$ 8,30 ;R$ 33,22 ;R$ 31,43 ;1
7891721023477;30049069;19943;ACICLOVIR;200mg fr 25 comp;4;R$ 429,44 ;R$ 214,72 ;R$ 214,72 ;R$ 17,29 ;8
7896112128847;30049069;20962;ACICLOVIR CREME 10G;50mg/g creme derm bg 10g;7;R$ 158,13 ;R$ 79,04 ;R$ 79,09 ;R$ 4,10 ;8
7896181911517;30049039;19915;ACIDO MEFENAMICO;500mg cx 24 comp;4;R$ 80,20 ;R$ 34,10 ;R$ 46,10 ;R$ 7,52 ;1
7896422517195;30049039;21070;ACIDO MEFENAMICO 500MG 24 COMP;500mg cx 24 comp;2;R$ 40,78 ;R$ 14,28 ;R$ 26,50 ;R$ 6,75 ;2
7896290401411;34011110;15004;ACTINE SABONETE (REDUTOR DA OLEOSIDADE);80 G;1;R$ 19,67 ;R$ 3,93 ;R$ 15,74 ;R$ 20,76 ;1
7897322709468;30045050;18505;ADDERA D3;7.000ui comp rev x 4;1;R$ 28,82 ;R$ 5,76 ;R$ 23,06 ;R$ 22,35 ;6
7897322714431;30045050;19774;ADDERA D3;3300ui/ml sol oral fr got 20ml;2;R$ 141,58 ;R$ 28,32 ;R$ 113,26 ;R$ 54,91 ;1
7897322709529;30045050;18506;ADDERA D3;50.000ui comp rev x 4;1;R$ 103,82 ;R$ 20,76 ;R$ 83,06 ;R$ 80,53 ;1
7896658021732;30049099;19304;ADIPEPT;40mg cx 28 comp rev;2;R$ 83,84 ;R$ 16,76 ;R$ 67,08 ;R$ 29,41 ;2
7891045043564;30049029;19249;ADVIL;400mg cx 8 cap (NAC);3;R$ 52,38 ;R$ 10,47 ;R$ 41,91 ;R$ 13,05 ;1
7891106912754;30049069;2820;AFRIN AD. 12 HORAS 10 ML       *;12 HS 10 ML;1;R$ 11,50 ;R$ 2,30 ;R$ 9,20 ;R$ 8,24 ;1
7891106912761;30049069;19705;AFRIN PED 20ML;fr 20ml ped;1;R$ 14,48 ;R$ 2,90 ;R$ 11,58 ;R$ 10,64 ;1
7896902231313;30049099;17854;AGUA BORICADA 3% FARMAX 100ML;;9;R$ 11,70 ;R$ 0,00 ;R$ 11,70 ;R$ 1,43 ;44
7896902211544;30049099;17351;AGUA OXIG FARMAX 10 VOL C/ 100ML;;6;R$ 12,00 ;R$ 0,00 ;R$ 12,00 ;R$ 1,25 ;66
7896902210608;33059000;19468;AGUA OXIG. CREMOSA 30 VLS 90 ML - FARMAX;;3;R$ 4,50 ;R$ 0,00 ;R$ 4,50 ;R$ 0,87 ;2
7896422532228;30043939;19348;AIXA;2+0,03mg cx 63 comp rev;1;R$ 126,62 ;R$ 25,32 ;R$ 101,30 ;R$ 87,01 ;2
7898148292936;30049063;14510;ALBENDAZOL 4%;10 ML;6;R$ 39,00 ;R$ 19,50 ;R$ 19,50 ;R$ 1,95 ;14
7899547527681;30049063;19365;ALBENDAZOL 400MG 5 CPS / GEN ALBENDAZOL;;6;R$ 183,48 ;R$ 91,74 ;R$ 91,74 ;R$ 7,32 ;45
7898917052488;30039099;21251;ALCOOL 70% 100ML ALMOTOLIA CICLO FARMA-UNIDADE-;;3;R$ 11,40 ;R$ 0,00 ;R$ 11,40 ;R$ 2,50 ;7
7896454300031;22071090;20763;ALCOOL 70% 1LT SANTA CRUZ-LITRO;;3;R$ 31,50 ;R$ 0,00 ;R$ 31,50 ;R$ 7,00 ;12
7896388902004;22071090;20245;ALCOOL 70% 99ML LAHAS;;1;R$ 1,00 ;R$ 0,00 ;R$ 1,00 ;R$ 1,80 ;101
7896004715353;30049059;21216;ALENDRONATO DE SODIO 70MG 4 COMP;70mg cx 4 comp;1;R$ 63,61 ;R$ 31,80 ;R$ 31,81 ;R$ 12,87 ;0
7891721013010;30049037;16294;ALGINAC;1+50+50+50MG CX 15 COMP;2;R$ 53,74 ;R$ 10,74 ;R$ 43,00 ;R$ 19,67 ;6
7891800002812;30059090;15653;ALGODAO;25G;1;R$ 1,90 ;R$ 0,00 ;R$ 1,90 ;R$ 1,71 ;6
7891899085048;30059019;21160;ALGODAO 50G CX N ESTERIL-MELHORMED;;1;R$ 3,50 ;R$ 0,00 ;R$ 3,50 ;R$ 2,41 ;3
7896224410717;56012110;19153;ALGODAO APOLO BOLAS 50 GR;;1;R$ 3,50 ;R$ 0,00 ;R$ 3,50 ;R$ 2,13 ;11
7891060807622;82142000;20923;ALICATE CUTICULA MUNDIAL FLEX ;;2;R$ 17,00 ;R$ 0,00 ;R$ 17,00 ;R$ 5,49 ;-1
7891142115492;30049099;15725;ALIVIUN ;GOTAS 30ML;2;R$ 68,00 ;R$ 13,60 ;R$ 54,40 ;R$ 24,78 ;11
7891058006716;30049069;7350;ALLEGRA D C/10 COMPR.;D C/10 COMPR.;1;R$ 53,05 ;R$ 10,61 ;R$ 42,44 ;R$ 39,32 ;4
7891058004347;30049069;15875;ALLEGRA PEDIATRICO;60 ML;1;R$ 27,50 ;R$ 5,50 ;R$ 22,00 ;R$ 20,72 ;2
7896658005053;30043939;18524;ALLESTRA 30;0,075+0,0,30mg cx 3bl x 21 drg;1;R$ 64,45 ;R$ 12,89 ;R$ 51,56 ;R$ 45,22 ;1
7898037080460;30049099;9039;ALMEIDA PRADO 46 C/60 COMPRIMIDOS;C/60 COMP.COMPLEXO HOMEOPATICO N.46;1;R$ 29,04 ;R$ 5,81 ;R$ 23,23 ;R$ 21,43 ;4
7896422516945;30049069;19026;ALOPURINOL;300mg cx 30 comp;1;R$ 31,17 ;R$ 6,23 ;R$ 24,94 ;R$ 9,20 ;0
7896422516921;30049069;21006;ALOPURINOL 100MG 30 COMP;100mg cx 30 comp;1;R$ 10,55 ;R$ 2,11 ;R$ 8,44 ;R$ 2,98 ;0
7897595602114;30049069;9843;ALOPURINOL 300 MG.C/30 COMP.GENERIC;HEXAL 300 MG.C/30 COMP.;1;R$ 28,74 ;R$ 14,37 ;R$ 14,37 ;R$ 9,35 ;4
7500435125826;96190000;20917;ALWAYS PROT DIARIO S/PERF PROMO 40UN;;1;R$ 10,40 ;R$ 0,00 ;R$ 10,40 ;R$ 7,62 ;-1
7899785201084;33069000;21079;AMBROXMEL SPR FR 30ML SBR GENGIBRE;;1;R$ 13,50 ;R$ 6,75 ;R$ 6,75 ;R$ 3,68 ;0
7896181916222;30049042;17382;ANGIPRESS;25mg cx 30 comp;1;R$ 16,12 ;R$ 3,22 ;R$ 12,90 ;R$ 10,83 ;1
7896181916062;30049042;17216;ANGIPRESS CD;25+12mg cx 30 comp;2;R$ 36,86 ;R$ 5,53 ;R$ 31,33 ;R$ 13,49 ;7
7896181916086;30049042;18082;ANGIPRESS CD;50+12,5mg cx 30 comp;1;R$ 28,53 ;R$ 5,71 ;R$ 22,82 ;R$ 20,89 ;1
7898040321420;30049079;15419;ANNITA 20 MG/ ML SUSPEN��O ORAL;45 ML;1;R$ 33,40 ;R$ 6,68 ;R$ 26,72 ;R$ 25,38 ;2
7898040321512;30049079;15587;ANNITA 500MG 6 COMPRIMIDOS;6 COMPRIMIDOS;1;R$ 79,91 ;R$ 15,98 ;R$ 63,93 ;R$ 60,21 ;2
7896112123705;30049059;21244;ANTIDIN 150MG 20 COMP;150mg cx 20 comp rev;2;R$ 44,76 ;R$ 22,38 ;R$ 22,38 ;R$ 5,56 ;1
7896020161721;33072090;19762;ANTISEPT PO TENYS PE BARUEL BARCELONA 100G (1-UN);;2;R$ 15,00 ;R$ 0,00 ;R$ 15,00 ;R$ 5,49 ;0
7896020160151;33072010;19754;ANTISEPT TENYS PE BARUEL JATO SECO ORIG 150ML-86G;;1;R$ 16,00 ;R$ 3,20 ;R$ 12,80 ;R$ 11,01 ;0
7702018874729;82121020;18625;AP BARB PRESTOBARBA 3 C/2;;3;R$ 30,00 ;R$ 0,00 ;R$ 30,00 ;R$ 8,84 ;10
7896004700502;30045090;5322;APEVITIN BC SOL. 240 ML;BC SOLUCAO 240 ML.;1;R$ 36,94 ;R$ 18,47 ;R$ 18,47 ;R$ 9,30 ;4
7896112427797;30049069;21282;ARADOIS H 100+25MG 60COMP;100mg+25mg x 60cpr rev;1;R$ 140,97 ;R$ 28,19 ;R$ 112,78 ;R$ 96,87 ;0
7898096577840;30049079;17780;ARFLEX;200mg cx 6 cap ret.;1;R$ 34,03 ;R$ 6,81 ;R$ 27,22 ;R$ 24,50 ;1
7898133136634;30049099;18410;ARLIVRY 100ML 7MG CEREJA - NATULAB LABORATORIO LTD;;2;R$ 103,38 ;R$ 51,68 ;R$ 51,70 ;R$ 6,49 ;0
7898133136757;30049099;17485;ARLIVRY 7MG/ML; 100ML SABOR MEL;3;R$ 153,93 ;R$ 76,98 ;R$ 76,95 ;R$ 6,48 ;4
7894916502962;30066000;13343;ARTEMIDIS 35 C/21 COMP.R;0,035MG+2MG 1BL X 21 COMP                         ;2;R$ 32,32 ;R$ 6,46 ;R$ 25,86 ;R$ 11,69 ;0
7891317457341;30049099;18601;ARTICO;1,5+1,2g po sol or cx 30 sach 5g;1;R$ 180,75 ;R$ 36,15 ;R$ 144,60 ;R$ 136,18 ;0
7896658008115;30049099;16054;ARTROSIL 160 MG;10 CAPSULAS;3;R$ 78,00 ;R$ 15,60 ;R$ 62,40 ;R$ 19,04 ;1
7896658008122;30049099;16207;ARTROSIL 320 MG;10 CAPSULAS;1;R$ 42,77 ;R$ 8,55 ;R$ 34,22 ;R$ 31,31 ;1
7898949409533;34011190;19796;ASEPXIA SABONETE ESFOLIANTE 90GR;;1;R$ 10,00 ;R$ 0,00 ;R$ 10,00 ;R$ 5,74 ;3
7896699023764;39249000;19326;ASPIRADOR NASAL AZUL  BL 7170;;1;R$ 9,00 ;R$ 0,00 ;R$ 9,00 ;R$ 6,49 ;2
7891317420840;30042029;14418;ASTRO;500MG CX 5 COMP;1;R$ 29,25 ;R$ 5,85 ;R$ 23,40 ;R$ 21,16 ;0
7898148290772;30049042;15760;ATENOLOL;25MG;5;R$ 18,50 ;R$ 0,00 ;R$ 18,50 ;R$ 1,43 ;22
7898148290840;30049042;15481;ATENOLOL 50 MG;30 COMPRIMIDOS;5;R$ 126,60 ;R$ 72,96 ;R$ 53,64 ;R$ 4,76 ;27
7897316801154;30044990;1186;ATROPINA 1% COLIRIO 5 ML;1 % 5 ML;1;R$ 10,19 ;R$ 2,04 ;R$ 8,15 ;R$ 7,15 ;1
7897595903273;30049069;992;ATURGYL SPRAY NASAL 15 ML;ADULTO 15 ML (SANOFI);3;R$ 41,46 ;R$ 5,52 ;R$ 35,94 ;R$ 10,06 ;4
7896015518875;30043290;16342;AVAMYS;27,5mg spray nas 120 dos;2;R$ 107,06 ;R$ 21,42 ;R$ 85,64 ;R$ 39,67 ;3
8903855076034;30049079;21044;AZUKON MR 60COMP;6x10 tab;1;R$ 27,75 ;R$ 5,55 ;R$ 22,20 ;R$ 19,68 ;1
7896226500386;30049079;805;BACTRIM F. COMPR. C/10         *;F CX COM 10 COMPRIMIDOS;2;R$ 53,70 ;R$ 10,74 ;R$ 42,96 ;R$ 20,13 ;2
7896755403646;17041000;20922;BALA GENGIBRE E MENTA ARDRAK 50G;;4;R$ 19,60 ;R$ 0,00 ;R$ 19,60 ;R$ 3,22 ;5
7896755406326;17041000;21265;BALA GENGIBRE E PROPOLI FORTE ARDRAK 50G;;2;R$ 9,80 ;R$ 0,00 ;R$ 9,80 ;R$ 3,22 ;1
7896004817569;30049024;993;BALSAMO BENGUE POMADA 20 GR.;;1;R$ 16,46 ;R$ 3,29 ;R$ 13,17 ;R$ 11,74 ;3
7891010504755;30051090;14566;BAND-AID TRANSPARENTE;40 UNIDADES;10;R$ 52,90 ;R$ 0,00 ;R$ 52,90 ;R$ 5,69 ;13
7891010504779;30051090;14565;BAND-AID TRANSPARENTE 10 UNID.;10 UNIDADE;39;R$ 77,61 ;R$ 0,00 ;R$ 77,61 ;R$ 3,05 ;166
7898158693129;30049039;16193;BENATUX;CX 12 PAST SB MENTA;3;R$ 48,45 ;R$ 19,38 ;R$ 29,07 ;R$ 4,57 ;14
7896094903036;30045090;13346;BENEGRIP;6 COMPRIMIDOS       ;22;R$ 201,74 ;R$ 40,26 ;R$ 161,48 ;R$ 6,68 ;40
7897411610606;30049079;17759;BENICAR;20mg cx 30 comp;2;R$ 112,14 ;R$ 22,42 ;R$ 89,72 ;R$ 40,37 ;1
7897411611023;30049079;19036;BENICAR ANLO;40+5mg cx 30 comp rev;1;R$ 74,15 ;R$ 8,90 ;R$ 65,25 ;R$ 54,27 ;1
7897411611030;30049079;19874;BENICAR ANLO;40+10mg cx 30 comp rev;2;R$ 148,30 ;R$ 29,66 ;R$ 118,64 ;R$ 54,28 ;2
7897411610675;30049079;18779;BENICAR HCT;40+12,5mg cx 30 comp rev;1;R$ 70,39 ;R$ 14,08 ;R$ 56,31 ;R$ 48,15 ;2
7897411610682;30049079;18985;BENICAR HCT;40+25mg cx 30 comp rev;1;R$ 70,39 ;R$ 14,08 ;R$ 56,31 ;R$ 48,15 ;1
7897411610668;30049079;18700;BENICAR HCT;20+12,5mg cx 30 comp rev;1;R$ 61,80 ;R$ 12,36 ;R$ 49,44 ;R$ 42,26 ;2
7898014560060;30049021;17866;BENZODERM;emulsao fr 100ml;2;R$ 30,86 ;R$ 15,42 ;R$ 15,44 ;R$ 6,06 ;5
7891106907286;33049990;17583;BEPANTOL DERMA CREME 20G;derma creme bg 20g;3;R$ 74,94 ;R$ 0,00 ;R$ 74,94 ;R$ 15,79 ;1
7896026302784;30049039;18299;BEROTEC;2mg sol aer tb 10ml+bocal;1;R$ 25,06 ;R$ 5,01 ;R$ 20,05 ;R$ 18,65 ;2
7899095238473;30049069;19630;BESILATO DE ANLODIPINO;10mg cx 30 comp;2;R$ 92,54 ;R$ 46,28 ;R$ 46,26 ;R$ 7,08 ;0
7899547504842;30049069;18377;BESILATO DE ANLODIPINO;10mg cx 30 comp;1;R$ 45,11 ;R$ 22,55 ;R$ 22,56 ;R$ 8,41 ;2
7897917001168;30049077;7856;BETACORTAZOL CREME 30 GRS;BELFAR 30 GRS (NOVACORT);5;R$ 193,60 ;R$ 96,80 ;R$ 96,80 ;R$ 7,99 ;-9
7896658016585;30049069;19051;BETADINE;24mg cx 30 comp;1;R$ 28,30 ;R$ 5,66 ;R$ 22,64 ;R$ 20,59 ;3
7891317103323;30043999;18423;BETATRINTA INJ 1ML SEG;;3;R$ 63,00 ;R$ 12,60 ;R$ 50,40 ;R$ 15,19 ;2
7899095203266;30049077;18969;BETRICORT;creme bg 30g;15;R$ 299,65 ;R$ 149,80 ;R$ 149,85 ;R$ 5,31 ;17
7896006248927;30043999;18875;BETROSPAM;sus inj cx 1amp x 1ml;1;R$ 19,76 ;R$ 9,88 ;R$ 9,88 ;R$ 7,02 ;8
7896902210202;21069090;18510;BICARBONATO SODIO PO FARMAX 80G - FARMX;;4;R$ 6,00 ;R$ 0,00 ;R$ 6,00 ;R$ 1,50 ;13
7898277712572;21069030;18507;BIOPANTOVIT BOLDO C/60 FLAC 10ML - ART.N;;1;R$ 93,50 ;R$ 46,75 ;R$ 46,75 ;R$ 20,99 ;6
7896004810140;30042029;5526;BISMU JET SOL 20ML.;VD C/20 ML.;2;R$ 54,44 ;R$ 19,05 ;R$ 35,39 ;R$ 10,28 ;15
7897076912336;30049079;21138;BISSULFATO DE CLOPIDOGREL 75MG 28 COMP;75mg estojo 28 comp;1;R$ 58,62 ;R$ 11,72 ;R$ 46,90 ;R$ 19,76 ;1
7896085111129;40149010;9258;BOLSA TERMICA TERMOGEL GR. COD.70018;TERMOGEL (QUENTE FRIA);2;R$ 30,00 ;R$ 3,00 ;R$ 27,00 ;R$ 10,70 ;2
7895800447543;17041000;19496;BOMB CHICLE CLORETS HORTELA 100UN (1-CX);;1;R$ 24,12 ;R$ 4,82 ;R$ 19,30 ;R$ 16,16 ;4
7895800400159;21069050;19959;BOMB CHICLE TRIDENT HORTELA C-21UN (1-DP);;1;R$ 29,50 ;R$ 5,90 ;R$ 23,60 ;R$ 18,91 ;3
7894916508353;30049099;18461;BRASART HCT;160/12,5mg cx 30 comp rev;1;R$ 55,02 ;R$ 11,00 ;R$ 44,02 ;R$ 39,80 ;1
7894916512480;30049069;20500;BRASART HCT 160 12,5MG C 90 COMP;;2;R$ 253,18 ;R$ 50,64 ;R$ 202,54 ;R$ 87,21 ;0
7898148299010;30044990;14458;BROMETO DE IPATROPIO;SOL NAS FR 20ML;3;R$ 30,93 ;R$ 10,32 ;R$ 20,61 ;R$ 2,63 ;51
7898148298587;30049045;15699;BROMOPRIDA;COMP ;3;R$ 71,22 ;R$ 35,61 ;R$ 35,61 ;R$ 5,52 ;47
7895296210744;30049045;17624;BROMOPRIDA;4mg sol oral fr 20ml+cgt;2;R$ 30,84 ;R$ 15,42 ;R$ 15,42 ;R$ 4,38 ;3
7891058019365;30049099;19390;BUCLINA;25mg cx 30 comp;2;R$ 29,64 ;R$ 5,92 ;R$ 23,72 ;R$ 11,17 ;4
7896026303002;30049029;18231;BUSCOFEM;400mg cx 10 cap;1;R$ 22,27 ;R$ 4,45 ;R$ 17,82 ;R$ 16,72 ;5
7896026307277;30044990;1827;"BUSCOPAN 10 MG C/20 DR.""""SIMPLES""""";"C/20 DR""SIMPLES""""";1;R$ 14,21 ;R$ 2,84 ;R$ 11,37 ;R$ 10,09 ;-1
7896026301428;30044990;8559;BUSCOPAN COMPOSTO COMP.REVESTIDO;COMPR REV C/2BL X 10;29;R$ 428,33 ;R$ 85,55 ;R$ 342,78 ;R$ 10,76 ;-20
7795304000056;30044990;1829;BUSCOPAN PLUS C/20;PLUS COMPR C/20;4;R$ 90,28 ;R$ 16,10 ;R$ 74,18 ;R$ 17,43 ;2
7896181915171;30043999;15898;BUSONID 32MCG;6 ML;1;R$ 22,48 ;R$ 4,50 ;R$ 17,98 ;R$ 15,24 ;4
7896181907176;30043999;13705;BUSONID 50MCG AQUOSO NASAL 120 DOSES;50MCG SUSP AQU NASAL X120DS                       ;1;R$ 33,01 ;R$ 6,60 ;R$ 26,41 ;R$ 22,38 ;3
7896181915188;30043999;16195;BUSONID 64 MCG;6ML;1;R$ 44,94 ;R$ 8,99 ;R$ 35,95 ;R$ 33,05 ;2
7896226105147;21069030;21298;CALDE MAG C/60 COMP;;1;R$ 94,85 ;R$ 18,97 ;R$ 75,88 ;R$ 70,27 ;0
7897129300059;30045090;460;CAMOMILINA C (20 CAPS);20 CAPS;1;R$ 44,68 ;R$ 8,94 ;R$ 35,74 ;R$ 39,42 ;-1
7896658001116;30049077;1363;CANDICORT CREME DERM. 30 G;;1;R$ 29,79 ;R$ 5,96 ;R$ 23,83 ;R$ 21,68 ;1
7896658001123;30049077;1364;CANDICORT POMADA DERM. 30 G;;2;R$ 59,58 ;R$ 11,92 ;R$ 47,66 ;R$ 21,68 ;-1
7891106900591;30049069;7545;CANESTEN CREME 20 GR;"20 GR""CREME""";1;R$ 18,59 ;R$ 3,72 ;R$ 14,87 ;R$ 14,01 ;0
7896004704654;30049019;21051;CAPTOPRIL 5MG 30 COMP;25mg cx 30 comp;4;R$ 119,56 ;R$ 59,80 ;R$ 59,76 ;R$ 4,87 ;-1
47400179240;82122010;7961;CARGA MACH 3 C/2;GILLETE MACH 3 C/2;2;R$ 18,64 ;R$ 0,00 ;R$ 18,64 ;R$ 14,11 ;14
47400179660;82122010;8312;CARGA MACH 3 C/4;GILLETE MACH 3 C/4;1;R$ 35,00 ;R$ 0,00 ;R$ 35,00 ;R$ 26,11 ;1
7896004743684;30049099;20857;CARVEDILOL 12,5MG 60COMP;12,5mg 4bl x 15 comp;1;R$ 80,00 ;R$ 16,00 ;R$ 64,00 ;R$ 22,65 ;1
7891024123560;33061000;17642;CD COLGATE SENSIT ;50G PRO ALIVIO;1;R$ 10,71 ;R$ 2,14 ;R$ 8,57 ;R$ 7,06 ;7
7896094202047;30049069;16617;CEBRALAT;100mg cx 60 comp;1;R$ 66,81 ;R$ 13,36 ;R$ 53,45 ;R$ 46,88 ;0
7896658001079;30044990;2704;CEFALIV COMPR. C/12;"""ACHE""";5;R$ 81,90 ;R$ 16,40 ;R$ 65,50 ;R$ 12,34 ;3
7898582680016;38220090;21247;CEGONTEST 1 TIRA TESTE DE GRAVIDEZ;;2;R$ 29,00 ;R$ 14,50 ;R$ 14,50 ;R$ 1,49 ;3
7896004706573;30049099;12744;CELERGIN C/20 COMPR.;CX C/20 COMP                                      ;1;R$ 19,58 ;R$ 9,79 ;R$ 9,79 ;R$ 6,28 ;6
7899095201941;30049069;19100;CELETIL;2+0,25mg/5ml xpe fr 120ml;1;R$ 19,61 ;R$ 9,80 ;R$ 9,81 ;R$ 5,45 ;4
7891058016043;33069000;19227;CEPACOL SOL.MENTA L500P350 ML          LP:N;;1;R$ 19,00 ;R$ 3,80 ;R$ 15,20 ;R$ 13,30 ;2
7898940257638;27129000;20668;CERA ORTODONTICA C/5 POWERDENT REF 1111-UNIDADE-;;1;R$ 6,40 ;R$ 0,00 ;R$ 6,40 ;R$ 5,00 ;6
7896548140284;30049099;2161;CERUMIN SOL. OTOL. 8 ML;OTOLOGICO 8 ML;2;R$ 26,42 ;R$ 5,28 ;R$ 21,14 ;R$ 10,24 ;3
7898031311782;33051000;21152;CETOCASP CETOCONAZOL SHAMPOO ANTICASPA 120ML;;1;R$ 32,41 ;R$ 16,20 ;R$ 16,21 ;R$ 6,37 ;0
7896112136385;30049029;16511;CETOPROFENO;20mg sol or fr gts 20ml;5;R$ 87,15 ;R$ 43,56 ;R$ 43,59 ;R$ 3,16 ;7
7896422507349;30049029;20630;CETOPROFENO 50MG. 24CAPS MEDLEY;50mg cx 24 cap;1;R$ 25,96 ;R$ 12,98 ;R$ 12,98 ;R$ 8,00 ;0
7897595900715;30045090;2110;CEWIN COMPR. C/30              *;COMPR C/30;1;R$ 25,94 ;R$ 5,19 ;R$ 20,75 ;R$ 20,66 ;7
7897595900708;30045090;2111;CEWIN GOTAS 20 ML              *;GTS 20 ML;1;R$ 12,89 ;R$ 2,58 ;R$ 10,31 ;R$ 10,27 ;5
7896699022460;39269040;20926;CHUP BORB SILIC ORTO T2 AZ ;;1;R$ 8,30 ;R$ 0,00 ;R$ 8,30 ;R$ 5,59 ;1
7896699021746;39269040;20353;CHUPETA ZOO BONA SIL RED T1 AZUL 4811-01-AZ;;1;R$ 6,45 ;R$ 0,00 ;R$ 6,45 ;R$ 5,00 ;6
7896382705397;30049099;15074;CIALIS;20MG CX 8 COMP;1;R$ 457,01 ;R$ 114,25 ;R$ 342,76 ;R$ 315,31 ;1
7896006234067;30043939;16191;CICLO 21;0,15+0,03MG CX 21 COMP;13;R$ 99,06 ;R$ 19,76 ;R$ 79,30 ;R$ 3,86 ;34
7896523206806;30039099;16298;CIFLOGEX DIET;3MG CX 12 PAST;1;R$ 15,13 ;R$ 3,03 ;R$ 12,10 ;R$ 5,96 ;4
7896523206110;30039049;8912;CIMELIDE C/12 COMPR.(NIMESULIDA);NIMESULIDA CIMED;46;R$ 759,92 ;R$ 373,22 ;R$ 386,70 ;R$ 2,52 ;71
7899095239401;30049099;19137;CISTEIL;600mg cx 16 env x 5g;1;R$ 59,04 ;R$ 29,52 ;R$ 29,52 ;R$ 10,99 ;1
7896714226705;30049067;16367;CITRATO DE SILDENAFILA;50mg cx 4 comp;7;R$ 172,34 ;R$ 86,17 ;R$ 86,17 ;R$ 3,32 ;48
7891317477608;30049079;21081;CITRATO DE SILDENAFILA  50MG  COMP;50mg cx 8 comp rev;15;R$ 1.911,60 ;R$ 955,80 ;R$ 955,80 ;R$ 4,11 ;4
7897595618610;30049079;16159;CITRATO DE SILDENAFILA 50MG;4 COMPRIMIDOS;4;R$ 119,92 ;R$ 59,96 ;R$ 59,96 ;R$ 5,41 ;10
7899095255241;30049079;21153;CIXIN 0,5MG 20 COMP;0,5mg cx 20 comp;1;R$ 26,07 ;R$ 13,04 ;R$ 13,03 ;R$ 5,84 ;0
7896548113479;30049069;2164;CLARIL COLIRIO 15 ML;COLIRIO 15 ML;2;R$ 27,77 ;R$ 5,55 ;R$ 22,22 ;R$ 10,59 ;2
7896672202681;30043290;16228;CLENIL A;10 FLAC;1;R$ 65,98 ;R$ 13,20 ;R$ 52,78 ;R$ 48,30 ;0
7896004722047;30049099;21235;CLOPIDOGREL, BISSULFATO 75MG 14 COMP;75mg 2bl cx 7 comp rev;2;R$ 87,92 ;R$ 17,58 ;R$ 70,34 ;R$ 11,92 ;0
7896658011924;30049079;19020;CLOPIN;75mg cx 30 comp rev;1;R$ 48,91 ;R$ 9,78 ;R$ 39,13 ;R$ 34,32 ;1
7896112126485;30049049;16050;CLOR. METFORMINA 850 MG;30 COMPRIMIDOS;3;R$ 19,77 ;R$ 1,32 ;R$ 18,45 ;R$ 3,34 ;2
7896902210035;21069090;18731;CLOR.DE MAGNESIO PURO FARMAX 33G;;1;R$ 5,00 ;R$ 0,00 ;R$ 5,00 ;R$ 4,23 ;52
7899095202252;30049039;17115;CLORIDRATO DE AMBROXOL;30mg+5ml xpe fr 120ml adu;1;R$ 24,49 ;R$ 12,24 ;R$ 12,25 ;R$ 5,48 ;14
7896004737591;30049099;18173;CLORIDRATO DE CICLOBENZAPRINA;5mg cx 1bl x 15 comp rev;2;R$ 28,26 ;R$ 9,90 ;R$ 18,36 ;R$ 4,10 ;1
7896004730196;30049099;18099;CLORIDRATO DE CICLOBENZAPRINA;10mg cx 15 comp rev;1;R$ 16,42 ;R$ 8,21 ;R$ 8,21 ;R$ 4,57 ;2
7896004730172;30049099;18115;CLORIDRATO DE CICLOBENZAPRINA;10mg cx 15 comp rev;1;R$ 16,42 ;R$ 8,21 ;R$ 8,21 ;R$ 4,08 ;1
7896004729695;30049099;20120;CLORIDRATO DE HIDROXIZINA;25mg cx 30 comp;3;R$ 86,04 ;R$ 43,02 ;R$ 43,02 ;R$ 7,44 ;3
7898148291298;30049049;15736;CLORIDRATO DE METFORMINA;30 COM;5;R$ 26,25 ;R$ 0,00 ;R$ 26,25 ;R$ 3,48 ;20
7895296105040;30049099;17838;CLORIDRATO DE NARATRIPTANA;2,5mg cx 10 comp rev;2;R$ 58,32 ;R$ 11,66 ;R$ 46,66 ;R$ 18,20 ;5
7895296105026;30049099;17372;CLORIDRATO DE NARATRIPTANA;2,5mg cx 4 comp rev;1;R$ 12,86 ;R$ 2,57 ;R$ 10,29 ;R$ 8,09 ;30
7899547512731;30049036;18683;CLORIDRATO DE PROPRANOLOL;40 mg com ct bl al plas opc x 30;2;R$ 6,30 ;R$ 0,00 ;R$ 6,30 ;R$ 1,39 ;15
7896112149743;30049099;16283;CLORIDRATO DE RANITIDINA;150MG CX 20 COMP;1;R$ 26,79 ;R$ 13,40 ;R$ 13,39 ;R$ 6,50 ;4
7899095245181;30049059;21131;CLORIDRATO DE RANITIDINA 120ML;150mg/10ml xpe fr 120ml+ser dos;2;R$ 73,62 ;R$ 36,82 ;R$ 36,80 ;R$ 8,28 ;-1
7891721023521;30049079;21013;CLORIDRATO DE SOTALOL 160MG 30 COMP;160mg fr 30 comp;1;R$ 76,53 ;R$ 38,27 ;R$ 38,26 ;R$ 17,79 ;0
7896255767330;30049069;18098;COBAVITAL COM. C16;;1;R$ 16,42 ;R$ 3,28 ;R$ 13,14 ;R$ 12,53 ;3
7896658025150;21069090;18736;COLIKIDS GOTAS 5ML;fr gts 5 ml;3;R$ 265,23 ;R$ 53,04 ;R$ 212,19 ;R$ 64,45 ;4
7891058020316;30049069;14311;COLIRIO MOURA BRASIL;COLIRIO;6;R$ 84,24 ;R$ 16,86 ;R$ 67,38 ;R$ 10,40 ;20
7896714224459;30049099;17527;COLIRIO NEO BRASIL;0,15+0,30mg/ml sol oft fr x 20ml;14;R$ 169,68 ;R$ 84,84 ;R$ 84,84 ;R$ 3,77 ;18
7896658029806;21069030;20914;COMBI AD 30ML;susor fr 30ml+pipeta;1;R$ 33,00 ;R$ 6,60 ;R$ 26,40 ;R$ 24,56 ;0
7896658003653;30045090;15459;COMBIRON;COMP;3;R$ 105,09 ;R$ 21,03 ;R$ 84,06 ;R$ 26,52 ;3
7896658007286;30045090;15845;COMBIRON GOTAS;30 ML;1;R$ 21,54 ;R$ 4,31 ;R$ 17,23 ;R$ 16,31 ;3
7896004714158;30045090;14913;COMPLEXO B;FR 100 DRG;5;R$ 175,10 ;R$ 66,53 ;R$ 108,57 ;R$ 12,14 ;14
7896862920326;30039012;21176;COMPLEXO B COMP 100 COMP;cx. c/ 100 drageas;1;R$ 23,00 ;R$ 11,50 ;R$ 11,50 ;R$ 8,92 ;0
7898488470315;30059090;18415;COMPRESSA  GAZE AMERICA 11FIOS 7,5X7,5CM 5DOB/8CAM;;64;R$ 64,00 ;R$ 0,00 ;R$ 64,00 ;R$ 0,50 ;139
7894916508506;30049099;20442;CONCARDIO 2,5MG 30 COMP;2,5mg cx 30 comp rev;1;R$ 59,92 ;R$ 7,19 ;R$ 52,73 ;R$ 41,49 ;-1
7891150037632;33059000;19684;COND SEDA LISO EXTREMO 325ML (1-UN);;1;R$ 10,00 ;R$ 0,00 ;R$ 10,00 ;R$ 7,56 ;2
7891150056589;33059000;20601;COND.SEDA BOMBA ARGAN 1X325 ML;;1;R$ 10,50 ;R$ 0,00 ;R$ 10,50 ;R$ 6,50 ;0
7896030892530;39241000;20234;COPO DESC.ABNT COPOBRAS PS TRANSP 100X200 ML;;3;R$ 10,35 ;R$ 2,07 ;R$ 8,28 ;R$ 2,97 ;0
7896181901808;30049069;18842;CORDAREX;10mg cx 30 comp;1;R$ 42,12 ;R$ 8,42 ;R$ 33,70 ;R$ 29,56 ;1
7896181901747;30049069;16257;CORDAREX 5MG;30 COMP;2;R$ 51,98 ;R$ 10,40 ;R$ 41,58 ;R$ 18,24 ;4
7896015519636;33069000;16388;COREGA PO 22G;po lc fr 22g;3;R$ 46,50 ;R$ 6,20 ;R$ 40,30 ;R$ 10,43 ;7
7896015526252;33069000;17639;COREGA ULTRA 19G;ultra creme 19g;4;R$ 61,40 ;R$ 3,07 ;R$ 58,33 ;R$ 17,38 ;8
7896714200699;30043999;7462;CORTICORTEN (PREDNISONA) 20 MG.C/20;PREDNISONA N.Q.20 MG.C/20 COMPR;6;R$ 130,62 ;R$ 65,28 ;R$ 65,34 ;R$ 5,78 ;15
7891010560737;56012190;3764;COTONETES JOHNSONS C/75 UNID.;7891010560737;3;R$ 10,01 ;R$ 0,00 ;R$ 10,01 ;R$ 2,35 ;23
7891024036655;33061000;21166;CR DENT COLG PRO ALIV SENSI REP COMP 50G;;1;R$ 10,50 ;R$ 0,00 ;R$ 10,50 ;R$ 7,06 ;0
7891024135358;33061000;17037;CR DENT COLG T12 PROF WHIT 70G;;1;R$ 4,00 ;R$ 0,00 ;R$ 4,00 ;R$ 5,36 ;5
7891024134702;33061000;16491;CR.DENTAL COLGATE MPA 90GR;;1;R$ 2,60 ;R$ 0,00 ;R$ 2,60 ;R$ 29,89 ;-6
7891037144705;33059000;14877;CREME DE PENTEAR SEDA CERAMIDAS;300ML;1;R$ 6,00 ;R$ 0,00 ;R$ 6,00 ;R$ 5,62 ;7
7898029551848;30049079;18609;DAFLON;1000 cx 30 comp;1;R$ 123,78 ;R$ 24,76 ;R$ 99,02 ;R$ 100,17 ;2
7896658001901;30049099;8971;DECONGEX PLUS COMPRIMIDOS C/12;COM REV CT BL X 12;4;R$ 86,20 ;R$ 17,24 ;R$ 68,96 ;R$ 16,23 ;2
7896658001925;30049099;8973;DECONGEX PLUS GOTAS 20 ML.;SOL ORAL FR C/20 ML;1;R$ 11,76 ;R$ 2,35 ;R$ 9,41 ;R$ 8,86 ;10
7896658001918;30049099;8972;DECONGEX PLUS XAROPE 120 ML.;XPE FR C/120 ML;1;R$ 17,27 ;R$ 3,45 ;R$ 13,82 ;R$ 13,01 ;1
7896862912017;30039039;18276;DELTAMETRIL;0,2mg shampoo fr 100ml;1;R$ 18,66 ;R$ 9,33 ;R$ 9,33 ;R$ 5,70 ;2
7898096577031;30049062;14432;DEOCIL SL;10MG CX 10 COMP;6;R$ 189,06 ;R$ 37,83 ;R$ 151,23 ;R$ 21,80 ;6
7898903925505;56031290;16992;DEP DEPI ROLL LENCO BCO 20UN;;1;R$ 3,50 ;R$ 0,00 ;R$ 3,50 ;R$ 3,90 ;15
7897595901866;34013000;10213;DERMACYD LIQ.FEMINA 200 ML;FEMINA LIQ.200 ML;1;R$ 32,48 ;R$ 0,01 ;R$ 32,47 ;R$ 22,24 ;1
7893454100661;30043210;20912;DERMOSALIC POM 30G;30g pom bg;2;R$ 64,38 ;R$ 32,18 ;R$ 32,20 ;R$ 9,55 ;0
7893454100654;30043210;17841;DERMOSALIC SOL 30 ML;;1;R$ 37,58 ;R$ 18,79 ;R$ 18,79 ;R$ 11,14 ;1
7896006243908;30049079;3647;DERMS BISNAGA 30 G;30 GR PRATA;1;R$ 37,26 ;R$ 18,63 ;R$ 18,63 ;R$ 19,56 ;10
7791293022598;33072010;17905;DES.AER.REXONA MEN ACTIVE 1X90 GR;;3;R$ 36,00 ;R$ 0,00 ;R$ 36,00 ;R$ 8,80 ;1
7891150054646;33072010;20484;DES.AER.REXONA MEN IMPACTO 90G;;3;R$ 45,00 ;R$ 6,00 ;R$ 39,00 ;R$ 8,72 ;2
7791293022635;33072010;17907;DES.AER.REXONA MEN INVISIBLE 1X90 GR;;2;R$ 24,00 ;R$ 0,00 ;R$ 24,00 ;R$ 6,99 ;4
7891150055872;33072010;20997;DES.AER.REXONA SEM PERFUME 1X90 GR;;1;R$ 13,00 ;R$ 2,60 ;R$ 10,40 ;R$ 6,99 ;1
7899547505061;30049069;18457;DESLORATADINA;0,5 mg xpe ct fr vd amb x 60 ml +;2;R$ 70,46 ;R$ 35,22 ;R$ 35,24 ;R$ 9,55 ;10
7896422521260;30049063;20737;DESLORATADINA XPE 60ML MEDLEY;0,5mg xpe fr 60ml+ser dos;1;R$ 35,00 ;R$ 17,50 ;R$ 17,50 ;R$ 9,53 ;0
7891350034639;33072010;21182;DESOD AERO MONANGE FRUTAS VERMELHAS 150ML ;;1;R$ 7,90 ;R$ 0,00 ;R$ 7,90 ;R$ 4,99 ;3
7891350034646;33072010;21183;DESOD AERO MONANGE HIDRAT INTENSIVA 150ML ;;2;R$ 15,80 ;R$ 0,00 ;R$ 15,80 ;R$ 4,99 ;1
7791293032467;33072010;19955;DESOD AERO REXONA WOMEN COTTON 90G-150ML (1-UN);;1;R$ 15,50 ;R$ 3,10 ;R$ 12,40 ;R$ 8,57 ;4
7791293022529;33072010;18323;DESOD REXONA AERO SYSTEM 90G MEN QUANTUM;;1;R$ 12,00 ;R$ 0,00 ;R$ 12,00 ;R$ 8,55 ;4
7896004711874;30049099;16269;DESONIDA;0,5MG CREME BG 30G;1;R$ 28,99 ;R$ 14,49 ;R$ 14,50 ;R$ 7,55 ;0
7896523206868;30033939;13849;DIAD 0,75MG C/2;0,75MG C/2;6;R$ 98,52 ;R$ 49,26 ;R$ 49,26 ;R$ 2,55 ;65
7891106906944;30043939;17312;DIANE 35 DRG 3X21;;3;R$ 186,42 ;R$ 37,29 ;R$ 149,13 ;R$ 45,11 ;3
7896714204413;30049037;18820;DICLOFENACO DE DIETILAMONIO;10mg gel bg 60g;2;R$ 24,00 ;R$ 12,00 ;R$ 12,00 ;R$ 5,20 ;13
7896181921363;30049069;20524;DICLORIDRATO DE BETAISTINA 24MG 30COMP;24mg cx 30 comp;2;R$ 68,60 ;R$ 38,16 ;R$ 30,44 ;R$ 13,42 ;0
7897595901798;30049045;207;DIGESAN 10 MG CAPS. C/20;;1;R$ 37,67 ;R$ 0,00 ;R$ 37,67 ;R$ 28,39 ;1
7897595901767;30049045;208;"DIGESAN GOTAS PED.20 ML""SANOFI""";"LAB""SANOFI""""";2;R$ 65,84 ;R$ 13,16 ;R$ 52,68 ;R$ 24,81 ;2
7896112141686;30049048;10635;DIGESTIL (BROMOPRIDA ) 10 MG C/20;BROMOPRIDA TEUTO  10 MG C/20;9;R$ 198,54 ;R$ 129,06 ;R$ 69,48 ;R$ 4,78 ;0
7896112170273;30049045;20640;DIGESTIL 10MG 20COMP;10mg bl bco 20 comp;2;R$ 34,86 ;R$ 17,42 ;R$ 17,44 ;R$ 5,78 ;0
7896112141679;30049048;4904;DIGESTIL(BROMOPRIDA) GOTAS;BROMOPRIDA TEUTO GOTAS 20 ML.;11;R$ 175,12 ;R$ 87,56 ;R$ 87,56 ;R$ 3,00 ;59
7896112143246;30049099;11614;DIMEZIN 40 MG.C/20 COMPR.;40 MG.C/20 COMP.;2;R$ 19,76 ;R$ 9,88 ;R$ 9,88 ;R$ 2,87 ;30
7898095343125;30049029;19199;DIP BETAMETASONA+FOSF DISSODICO D;5+2mg sus inj amp x 1ml;20;R$ 408,00 ;R$ 204,00 ;R$ 204,00 ;R$ 4,78 ;4
7896004715674;30049069;21202;DIPIRONA SODICA 100ML;50mg fr 100ml;1;R$ 13,38 ;R$ 6,69 ;R$ 6,69 ;R$ 3,57 ;0
7896112123880;30043290;14952;DIPRO. DE BETAMETAZONA + ACIDO SALICILICO;POMADA 30 G;2;R$ 41,90 ;R$ 20,94 ;R$ 20,96 ;R$ 5,47 ;8
7891142142214;30039099;546;DIPROSALIC POMADA 30 G;30 G POMADA;1;R$ 32,27 ;R$ 6,45 ;R$ 25,82 ;R$ 24,92 ;2
7891142142252;30043210;551;"DIPROSPAN AMPOLA 1 ML""INJETAVEL""""";NORMAL;1;R$ 33,55 ;R$ 6,71 ;R$ 26,84 ;R$ 25,16 ;1
7891317000288;30049076;2663;DIUPRESS 25 MG COMPR. C/20;C/20 COMPR;2;R$ 44,02 ;R$ 8,80 ;R$ 35,22 ;R$ 15,84 ;0
7899095201224;30049076;21000;DIUREMIDA 40MG 20 COMP;40mg cx 20 comp;2;R$ 16,70 ;R$ 8,34 ;R$ 8,36 ;R$ 2,39 ;9
7896112122432;30049099;16172;DIURIX 25MG;30 COMPRIMIDOS;2;R$ 5,72 ;R$ 0,00 ;R$ 5,72 ;R$ 0,96 ;22
7891317483531;30049069;19071;DOMPERIX;1mg/ml sus or fr 100ml+1ser dos;1;R$ 36,07 ;R$ 7,21 ;R$ 28,86 ;R$ 27,06 ;3
7896714210018;30049069;10225;DORALGINA C/20 COMPR.;DRGS CX C/2BL C/10;3;R$ 58,11 ;R$ 29,07 ;R$ 29,04 ;R$ 5,34 ;54
7896714210070;30049069;8718;DORALGINA C/4 DRAGEAS;DGS CX C/25 BL C/4;25;R$ 119,75 ;R$ 60,00 ;R$ 59,75 ;R$ 1,40 ;270
7896658014017;30049029;17911;DORALIV;100mg susp or fr 20ml;1;R$ 24,05 ;R$ 4,81 ;R$ 19,24 ;R$ 17,50 ;1
7891058017392;30049039;19551;DORFLEX;300+35+50 mg comp x 300 emb. mult;3;R$ 474,96 ;R$ 237,48 ;R$ 237,48 ;R$ 117,34 ;1
7896094901254;30049099;12877;DORIL CARTELA C/6 COMPR.;COM CART 6                                 ;12;R$ 89,76 ;R$ 22,44 ;R$ 67,32 ;R$ 5,22 ;75
7896658024078;21069030;19245;DOSE D 10ML;sol oral fr 10ml sb maca verde;2;R$ 62,66 ;R$ 12,54 ;R$ 50,12 ;R$ 24,74 ;1
7896641800559;30049039;821;"DRAMIN  C/10 COMPRIMIDOS""""SIMPLES""""";CX.C/40X10 ENV.;26;R$ 123,50 ;R$ 30,94 ;R$ 92,56 ;R$ 3,43 ;0
7896641806056;30049039;21243;DRAMIN CAPSGEL 50MG 10CAPS;50mg cx 100 cap emb frac;1;R$ 94,90 ;R$ 23,73 ;R$ 71,17 ;R$ 73,29 ;2
7891058021528;30049069;1834;DULCOLAX DRG. C/20;DRG C/20;1;R$ 6,78 ;R$ 1,36 ;R$ 5,42 ;R$ 5,03 ;4
7891317005351;30049069;6535;"EBASTEL 10 MG C/10 COMP""EUROFARMA""";"C/10 COMP""EUROFARMA""";1;R$ 51,20 ;R$ 10,24 ;R$ 40,96 ;R$ 39,54 ;2
7898095757724;96032100;16600;ED AME PORTATIL;;1;R$ 1,72 ;R$ 0,00 ;R$ 1,72 ;R$ 1,39 ;8
3014260833176;96032100;18395;ED ORAL B 1 2 3 MEDIA;;2;R$ 6,00 ;R$ 0,00 ;R$ 6,00 ;R$ 2,71 ;36
7896023701436;30044940;11035;ELIXIR PAREGORICO 30 ML;CATARINENSE S/A;1;R$ 14,89 ;R$ 2,98 ;R$ 11,91 ;R$ 9,93 ;8
7896004727806;30049099;16365;EMSEXPECTOR;xpe fr 120ml;1;R$ 21,94 ;R$ 10,97 ;R$ 10,97 ;R$ 6,24 ;16
7896004702322;30049045;12748;ENDCOFF C/12 PASTILHAS MEL E LIMAO ;CX C/12 PASTILHAS (3 STRIP X 4 PAST               ;2;R$ 31,96 ;R$ 7,99 ;R$ 23,97 ;R$ 9,93 ;37
7896094903104;30049099;133;ENGOV C/6 COMPR.;6 COMP.;32;R$ 181,44 ;R$ 76,40 ;R$ 105,04 ;R$ 4,13 ;8
7893736010053;30044990;11827;ENXAK C/12 COMPR.(CEFALIV);C/12 COMPR.;6;R$ 93,48 ;R$ 12,48 ;R$ 81,00 ;R$ 7,93 ;60
7896641800306;30049099;871;EPAREMA DRG. C/20;;1;R$ 28,36 ;R$ 5,67 ;R$ 22,69 ;R$ 20,77 ;1
7896658021640;30049099;19552;ESALERG;1,25mg/ml sol oral fr gts 20ml;1;R$ 34,22 ;R$ 6,84 ;R$ 27,38 ;R$ 25,79 ;1
7896544910058;30051090;16694;ESPARADRAPO 5,0CMX4,5MTS.C/6 MISSNER-;;1;R$ 6,00 ;R$ 0,00 ;R$ 6,00 ;R$ 26,00 ;4
7896544910102;30051090;17517;ESPARADRAPO IMP. MISSNER; 10CMX4,5MT;4;R$ 36,00 ;R$ 4,50 ;R$ 31,50 ;R$ 8,00 ;24
7891317431334;30043220;16424;ESPIRONOLACTONA;50mg cx 30 comp;1;R$ 34,42 ;R$ 17,21 ;R$ 17,21 ;R$ 10,73 ;1
7891350025187;33071000;19827;ESPUMA BARBEAR BOZZANO PELE SENSIVEL 190G (1-UN);;1;R$ 19,50 ;R$ 3,90 ;R$ 15,60 ;R$ 12,00 ;1
7896094901438;30049099;2645;ESTOMAZIL ABACAXI;1 ENV.;8;R$ 20,24 ;R$ 0,00 ;R$ 20,24 ;R$ 1,77 ;11
7896094914155;30049099;20249;ESTOMAZIL EFV C/50 ENV 5G ABACAX;;3;R$ 391,41 ;R$ 130,47 ;R$ 260,94 ;R$ 101,20 ;2
7891721014697;30043981;15934;EUTHYROX 50 MCG;50 COMPRIMIDOS;1;R$ 31,55 ;R$ 6,31 ;R$ 25,24 ;R$ 20,99 ;4
7896004812168;30049029;5546;EXPEC XPE 120 ML;VD.120 ML LEGRAND;8;R$ 259,44 ;R$ 129,70 ;R$ 129,74 ;R$ 8,62 ;29
7896004731674;30049099;16645;EXPECTAMIN;0,4+4+20mg xpe fr 120ml;1;R$ 25,50 ;R$ 12,75 ;R$ 12,75 ;R$ 7,78 ;3
7898277711087;15219019;19645;EXTRATO DE PROPOLIS 20ML;;2;R$ 23,00 ;R$ 0,00 ;R$ 23,00 ;R$ 6,47 ;8
7899095200135;30049073;19031;FELDANAX;20mg cx 15 cap;4;R$ 48,68 ;R$ 24,32 ;R$ 24,36 ;R$ 3,48 ;24
7896658002212;30066000;17998;FEMINA;150+20mcg cx 63 comp;1;R$ 64,48 ;R$ 12,90 ;R$ 51,58 ;R$ 46,17 ;1
7896112142126;30049037;4918;FENAFLAN EMULGEL;60 MG-TU;3;R$ 36,87 ;R$ 14,74 ;R$ 22,13 ;R$ 5,03 ;6
7896004723358;30049099;17958;FENOFIBRATO;200mg cx 2bl x 15 cap;1;R$ 88,16 ;R$ 17,63 ;R$ 70,53 ;R$ 37,13 ;0
7896658005091;30049069;14221;FENTIZOL;CREME VAGINAL;1;R$ 33,03 ;R$ 0,00 ;R$ 33,03 ;R$ 24,89 ;1
7891024183021;33062000;19981;FIO DENT COLG MENTA 50M;;1;R$ 6,50 ;R$ 0,00 ;R$ 6,50 ;R$ 5,95 ;-1
7896444211118;33062000;6299;FIO DENTAL HILLO 100 MT;7896444211118;2;R$ 4,00 ;R$ 0,00 ;R$ 4,00 ;R$ 2,31 ;12
7896544900097;30051090;16692;FITA MICROP.2,5CMX4,5MTS;;8;R$ 40,00 ;R$ 0,00 ;R$ 40,00 ;R$ 29,00 ;-30
7896544900158;30051090;17518;FITA MICROPOROSA MISSNER ;10CMX4.5M;1;R$ 9,00 ;R$ 0,00 ;R$ 9,00 ;R$ 6,10 ;10
7896658033049;30049099;8106;FLAGASS C/20 COMPR.  ACHE;C/20 COMPR.  ACHE;1;R$ 22,06 ;R$ 4,41 ;R$ 17,65 ;R$ 15,62 ;0
7896637023238;30049079;20492;FLANCOX 500MG. 14COMP;500mg cx 14 comp rev;2;R$ 72,28 ;R$ 14,46 ;R$ 57,82 ;R$ 26,02 ;1
7899095201255;30049069;20641;FLEXALGIN 30COMP;300+125+50+30mg cx 30 comp;1;R$ 34,24 ;R$ 17,12 ;R$ 17,12 ;R$ 4,99 ;1
7891721000126;30049099;271;FLORATIL PED.1 G C/4 ENVELOPE;COD.(7891721000126)1 G C/4 ENV.;2;R$ 59,80 ;R$ 11,96 ;R$ 47,84 ;R$ 20,39 ;2
7898158692238;30049099;16244;FLORENT;200MG 4 SACHES PO X 1G;2;R$ 51,68 ;R$ 25,84 ;R$ 25,84 ;R$ 5,99 ;4
7898158692221;30049099;16276;FLORENT;100MG CX 12 CAP;13;R$ 495,04 ;R$ 228,48 ;R$ 266,56 ;R$ 12,19 ;6
7899095200531;30049069;19139;FLUCANIL;150mg cx 2 cap;2;R$ 34,76 ;R$ 17,38 ;R$ 17,38 ;R$ 2,27 ;3
7899095249325;30049069;21221;FLUCONAZOL 150MG 2 CAPS;150mg cx 02 cap;8;R$ 139,04 ;R$ 69,52 ;R$ 69,52 ;R$ 2,49 ;22
7898049793761;30049069;21199;FLUCONID 150MG 2 CAP;150mg bl 2 cap gel;2;R$ 28,62 ;R$ 14,32 ;R$ 14,30 ;R$ 1,65 ;1
7898074617612;30049099;3248;FLUIMUCIL 600MG EFERV.C/16 COMPR;C/16 EF.SIMPLES;1;R$ 98,62 ;R$ 19,72 ;R$ 78,90 ;R$ 70,02 ;0
7891142156235;30049049;13401;FLUIR 12 UG.C/60 CAPS.REFIL;REFIL C/60 CAPS                                   ;1;R$ 80,50 ;R$ 16,10 ;R$ 64,40 ;R$ 55,90 ;1
7896676432916;30043210;15871;FLUTINOL COL. 5ML;1MG SUS OFT FR 5ML;3;R$ 86,55 ;R$ 17,31 ;R$ 69,24 ;R$ 20,99 ;1
7896714203492;30049069;13743;FLUXON 75 MG.C/30 COMPR.(CINARIZINA);75 MG.C/30 COMPR.;1;R$ 15,18 ;R$ 7,59 ;R$ 7,59 ;R$ 7,05 ;20
7896658005336;30049099;14240;FOLOGO-ROSA;PO;2;R$ 79,76 ;R$ 15,96 ;R$ 63,80 ;R$ 30,19 ;7
7898931019313;96190000;19692;FRALDA GERIATRICA CONFORT MASTER REGULAR EG 7UN (1;;1;R$ 16,50 ;R$ 0,00 ;R$ 16,50 ;R$ 11,99 ;2
7896004708621;30049099;20612;FUMARATO DE CETOTIFENO XPE 120ML;0,2mg xpe fr 120ml;1;R$ 43,04 ;R$ 21,52 ;R$ 21,52 ;R$ 10,64 ;0
7897679601002;30039099;215;FUNCHICOREA PO 3 G;PO 3 G;1;R$ 18,42 ;R$ 3,68 ;R$ 14,74 ;R$ 15,00 ;4
7896004715520;30049099;16268;FUROATO DE MOMETASONA;1MG CREME BG 20G;1;R$ 28,44 ;R$ 5,69 ;R$ 22,75 ;R$ 7,37 ;6
7896112170310;30049076;18860;FUROSEMIDA;40mg cx 20 comp branco;6;R$ 50,04 ;R$ 25,02 ;R$ 25,02 ;R$ 2,73 ;19
7896622301822;30049069;11839;GASTROL EFERV.ABACAXI UNID.;ABACAXI CX.C/50 UNID.;60;R$ 118,20 ;R$ 49,00 ;R$ 69,20 ;R$ 0,78 ;617
7896622300450;30049069;5283;GASTROL LIQUIDO 250ML.;LUPER 250ML.;2;R$ 67,28 ;R$ 33,64 ;R$ 33,64 ;R$ 10,42 ;2
7896622300443;30049069;5282;GASTROL PAST C/20.;LUPER C/20 PAST.;3;R$ 24,60 ;R$ 12,30 ;R$ 12,30 ;R$ 3,91 ;-4
7896902214095;33049990;21273;GEL DE ARNICA P/MASSAGEM MUSCULAR SPORT 180G ;;1;R$ 18,00 ;R$ 3,60 ;R$ 14,40 ;R$ 6,82 ;4
7896223409897;33059000;20976;GEL FIXADOR BEDRAN GREEN POTE 230G ;;1;R$ 3,90 ;R$ 0,00 ;R$ 3,90 ;R$ 2,15 ;0
7898918181927;30067000;16141;GEL NOCCAUTEADOR;200G;7;R$ 168,00 ;R$ 14,40 ;R$ 153,60 ;R$ 15,00 ;22
7896094901612;30049099;95;GELOL AEROSOL 60 ML;60 ML AEROSOL;1;R$ 34,40 ;R$ 6,88 ;R$ 27,52 ;R$ 25,18 ;2
7896658001802;30049099;15193;GERIATON  USO ADULTO;30 COMPRIMIDOS;1;R$ 60,63 ;R$ 12,13 ;R$ 48,50 ;R$ 45,90 ;0
7896006208266;30049069;20138;GLAUB MD;1mg/ml fr 5ml;2;R$ 53,20 ;R$ 10,64 ;R$ 42,56 ;R$ 18,47 ;1
7896714217093;30049099;20084;GLIBENCLAMIDA;5mg cx 30 comp;1;R$ 3,21 ;R$ 0,00 ;R$ 3,21 ;R$ 1,09 ;1
7899470806228;30049099;19430;GLICELIVY 2,60G SUPOSITORIO AD C/06 - NATUL;;1;R$ 18,46 ;R$ 9,23 ;R$ 9,23 ;R$ 5,21 ;1
7899620911840;30049099;20538;GLICENIX 6SUP. LACTENTES;0,91g cx 6 glicerol lactente;1;R$ 15,92 ;R$ 7,96 ;R$ 7,96 ;R$ 5,88 ;1
7891721022579;30049049;17561;GLIFAGE XR;1g bl 30 xr comp;3;R$ 123,12 ;R$ 24,63 ;R$ 98,49 ;R$ 28,81 ;1
7891721027468;30049049;16726;GLIFAGE XR 500MG C/30 COMP;;5;R$ 44,10 ;R$ 8,80 ;R$ 35,30 ;R$ 5,82 ;7
7897214700016;96159000;20345;GRAMPO CASTANHO N 5 C/100 (134) (10);;1;R$ 3,70 ;R$ 0,00 ;R$ 3,70 ;R$ 2,46 ;2
7898075310383;38220010;6730;GRAV TEST NECKERMAN;NECKERMAN;3;R$ 43,50 ;R$ 14,50 ;R$ 29,00 ;R$ 2,69 ;43
7898158691279;30049045;9246;GRIPEOL 100 ML SOLUCAO ORAL;CIFARMA SOLUCAO ORAL;6;R$ 145,56 ;R$ 72,78 ;R$ 72,78 ;R$ 6,75 ;0
7898277710059;21069030;15674;GUARAN�  A�AO;50GR;1;R$ 13,00 ;R$ 2,60 ;R$ 10,40 ;R$ 7,13 ;0
7891058021689;30049069;20334;GUTTALAX 30ML;7,5mg/ml sol or fr 30ml;2;R$ 35,86 ;R$ 7,18 ;R$ 28,68 ;R$ 13,29 ;-1
7896862918583;30049079;19130;HIDROCLOROTIAZIDA;25mg cx 30 comp;2;R$ 8,88 ;R$ 0,00 ;R$ 8,88 ;R$ 0,77 ;5
7896714219301;30049099;15311;HISTAMIN 2 MG;20 COMPRIMIDOS;8;R$ 81,60 ;R$ 40,80 ;R$ 40,80 ;R$ 3,51 ;26
3662042000058;30049099;17095;HYABAK SOL. OFT. 10ML;sol oft fr x 10ml;2;R$ 127,00 ;R$ 25,40 ;R$ 101,60 ;R$ 46,62 ;3
7896006259305;30049039;5615;HYTOS PLUS GOTAS 15 ML.;HYTOS PLUS GOTAS 15 ML.;1;R$ 26,10 ;R$ 5,22 ;R$ 20,88 ;R$ 13,71 ;3
7896006259701;30049039;5509;HYTOS PLUS XPE 100 ML.;VD C/100 ML.;5;R$ 109,35 ;R$ 28,42 ;R$ 80,93 ;R$ 13,95 ;12
7898095343880;30049029;18285;IBUPROFENO;100mg sus or gts fr 20ml;10;R$ 248,90 ;R$ 124,40 ;R$ 124,50 ;R$ 3,90 ;0
7898148295159;30049029;16559;IBUPROFENO;600mg cx 20 comp;1;R$ 20,69 ;R$ 10,35 ;R$ 10,34 ;R$ 5,70 ;51
7899095236400;30049029;16651;IBUPROFENO;100mg/ml susp oral fr 20ml;11;R$ 197,45 ;R$ 89,70 ;R$ 107,75 ;R$ 2,79 ;60
7896212469468;30049062;1883;IMOSEC C/4 COMPR.   *;CX.C/200 COMPR.;102;R$ 252,96 ;R$ 88,00 ;R$ 164,96 ;R$ 1,89 ;46
7896699011433;39249000;17159;INF PROTETOR MAMILO LOLLY;;1;R$ 12,80 ;R$ 0,00 ;R$ 12,80 ;R$ 9,99 ;3
7896004705682;30049045;16936;INFRALAX;300+30+125+50mg cx 30 comp;3;R$ 106,65 ;R$ 53,31 ;R$ 53,34 ;R$ 6,37 ;1
7896094208674;30066000;19150;IUMI;24 3/0,02 mg x 3 cart comp rev;1;R$ 133,59 ;R$ 26,72 ;R$ 106,87 ;R$ 93,74 ;1
7898049793310;30049059;16406;IVERMECTINA;6mg cx 4 comp;4;R$ 102,92 ;R$ 51,47 ;R$ 51,45 ;R$ 5,50 ;5
7896523206790;30067000;13850;K-MED GEL LUBRIFICANTE 50 GR;GEL LUBRIFICANTE;3;R$ 37,50 ;R$ 13,75 ;R$ 23,75 ;R$ 5,25 ;23
7896641804380;30039049;15966;KALOBA;SOL ORAL FR 20ML;3;R$ 215,70 ;R$ 43,14 ;R$ 172,56 ;R$ 53,53 ;3
7898133134753;30049029;18821;KALONAT 10ML - NATULAB LABORATORIO LTDA;;1;R$ 33,23 ;R$ 16,61 ;R$ 16,62 ;R$ 7,10 ;6
7899640807192;30049069;15908;KOIDE D;120ML;4;R$ 147,00 ;R$ 25,72 ;R$ 121,28 ;R$ 26,19 ;3
7896637028523;30049069;15729;LABIRIN 24MG 30 COMP;24MG CX 30 COMP;1;R$ 45,76 ;R$ 9,15 ;R$ 36,61 ;R$ 33,21 ;0
7896676432855;30049099;12275;LACRIBELL                                         ;LATINOFARMA IND.15ML                            ;1;R$ 17,79 ;R$ 3,56 ;R$ 14,23 ;R$ 12,95 ;2
7896006291398;30049099;17797;LACRIFILM;5mg/ml sol oft fr gts 10ml;6;R$ 108,12 ;R$ 21,60 ;R$ 86,52 ;R$ 13,11 ;6
7896548113059;30049099;2175;LACRIMA PLUS COLIRIO 15 ML;PLUS 15 ML;2;R$ 41,33 ;R$ 8,27 ;R$ 33,06 ;R$ 16,10 ;1
7896094903234;30049099;11900;LACTO PURGA C/6 COMPR.;C/6 COMPR.;22;R$ 75,46 ;R$ 15,18 ;R$ 60,28 ;R$ 2,39 ;15
7891051015210;82122010;18269;LAMINA WILKINSON 3UN;;2;R$ 18,64 ;R$ 0,00 ;R$ 18,64 ;R$ 17,54 ;5
7891058431037;30049076;1268;"LASIX   C/20 COMPR.40 MG ""HOECHST""";40 MG C/20 COMPRIMIDOS;2;R$ 35,78 ;R$ 7,16 ;R$ 28,62 ;R$ 13,10 ;1
7897947606913;21069030;18667;LAVITAN OMEGA 3 C/60 CAPS GEL;;1;R$ 32,00 ;R$ 16,00 ;R$ 16,00 ;R$ 9,99 ;51
7897947606517;21069030;18106;LAVITAN SUPLEMENTOS FR 60 DRG - LOTE: 1308839 PMC:;;8;R$ 320,00 ;R$ 112,00 ;R$ 208,00 ;R$ 8,99 ;31
7895858015688;30049099;20781;LEITE MAGNESIA PHIL 120ML;;6;R$ 61,26 ;R$ 0,00 ;R$ 61,26 ;R$ 8,94 ;-1
7895858015671;30049099;20782;LEITE MAGNESIA PHIL 350ML HORTELA;;1;R$ 16,50 ;R$ 3,30 ;R$ 13,20 ;R$ 13,53 ;1
7895858015695;30049099;21019;LEITE MAGNESIA PHIL 350ML TRAD.;;1;R$ 16,50 ;R$ 0,00 ;R$ 16,50 ;R$ 13,37 ;0
7895858015664;30049099;20783;LEITE MAGNESIA PHIL HORT 120ML;;1;R$ 10,21 ;R$ 2,04 ;R$ 8,17 ;R$ 8,94 ;1
7891172161162;48182000;19789;LENCO PAPEL KLEENEX CX C/50;;3;R$ 9,00 ;R$ 0,00 ;R$ 9,00 ;R$ 2,15 ;4
7891150035546;34011190;20698;LENCO UMED DOVE BABY HIDR 50UN;;1;R$ 12,20 ;R$ 0,00 ;R$ 12,20 ;R$ 6,48 ;3
7896018700659;34011190;18197;LENCOS UMED HUGGIES CLASSIC 48UN;;2;R$ 18,00 ;R$ 0,00 ;R$ 18,00 ;R$ 7,70 ;1
7896112448358;30066000;16025;LEVEL;63 COMP;4;R$ 246,40 ;R$ 49,28 ;R$ 197,12 ;R$ 44,35 ;0
7896658008849;30043981;19734;LEVOID;112mcg cx 30 comp;1;R$ 24,55 ;R$ 4,91 ;R$ 19,64 ;R$ 18,06 ;1
7891721019791;30043981;18063;LEVOTIROXINA SODICA;25mcg cx 30 comp;1;R$ 8,52 ;R$ 1,70 ;R$ 6,82 ;R$ 3,92 ;2
7898075310901;30039053;15299;LIDOPASS (LIDOCAINA 50MG/G);25 G;2;R$ 33,36 ;R$ 16,68 ;R$ 16,68 ;R$ 6,20 ;8
7896241248430;30049029;10678;LIPLESS 100 MG.C/30 COMPR.;100 MG.C/30 COMPR.;1;R$ 91,89 ;R$ 18,38 ;R$ 73,51 ;R$ 63,81 ;2
7702035833792;33069000;16706;LISTERINE CUIDADO TOTAL 250ML;;1;R$ 9,23 ;R$ 0,00 ;R$ 9,23 ;R$ 11,12 ;1
7891010245238;33069000;21067;LISTERINE TART CONT ZERO 250ML;;1;R$ 14,80 ;R$ 0,00 ;R$ 14,80 ;R$ 11,29 ;0
7896862923129;30049069;19817;LORATADINA;1mg/ml xpe fr 100ml+cm;1;R$ 24,34 ;R$ 12,17 ;R$ 12,17 ;R$ 5,78 ;6
7895296278027;30049039;20960;LORATADINA XPE 100ML ;1mg/ml xpe fr 100ml+cm;2;R$ 58,14 ;R$ 29,08 ;R$ 29,06 ;R$ 7,23 ;0
7899095200098;30049069;14793;LORITIL;10MG CX 12 COMP;19;R$ 301,34 ;R$ 142,74 ;R$ 158,60 ;R$ 2,49 ;33
7899547505252;30049069;15888;LOSARTANA POTASSICA 50MG;50MG;29;R$ 276,66 ;R$ 133,56 ;R$ 143,10 ;R$ 2,49 ;34
7891035650147;30049029;20954;LUFTAGASTROPRO 12 SACHES 10ML;sus oral 12 sache 10ml;1;R$ 21,26 ;R$ 4,25 ;R$ 17,01 ;R$ 15,96 ;1
7896016801501;30049099;2089;LUFTAL C/20 COMPR.;CX.C/20 COMPR;4;R$ 76,45 ;R$ 15,28 ;R$ 61,17 ;R$ 14,25 ;6
7896016804915;30049099;7366;LUFTAL GOTAS 15 ML;15 ML GOTAS..;1;R$ 22,27 ;R$ 4,45 ;R$ 17,82 ;R$ 16,63 ;3
7896016804939;30049099;8664;LUFTAL MAX COMP.C/10;DIMETICONA 125 MG;10;R$ 231,30 ;R$ 55,50 ;R$ 175,80 ;R$ 17,36 ;-4
7898945443241;40151900;20290;LUVA LATEX C PO SUPERMAX P;;2;R$ 52,00 ;R$ 0,00 ;R$ 52,00 ;R$ 18,50 ;1
7898945443043;40151100;18383;LUVA LATEX PROCED.G C/100 SUPERMAX-;;1;R$ 26,00 ;R$ 0,00 ;R$ 26,00 ;R$ 18,86 ;2
7898283814482;40151900;21002;LUVA LATEX PROCEDIMENTO P C/100 DESCARPACK-CAIXA-;;1;R$ 30,00 ;R$ 0,00 ;R$ 30,00 ;R$ 20,00 ;-1
7891800428926;40151900;21143;LUVAS PROCED CREMER M C  100;;2;R$ 52,00 ;R$ 0,00 ;R$ 52,00 ;R$ 17,70 ;2
7891142165770;30042079;14474;MACRODANTINA;100MG CX 28 ACP;5;R$ 61,40 ;R$ 12,30 ;R$ 49,10 ;R$ 9,21 ;1
7898049796571;30049067;21144;MALEATO DE ENALAPRIL 20MG 30 COMP;20mg cx env 30 comp;1;R$ 28,06 ;R$ 14,03 ;R$ 14,03 ;R$ 4,02 ;0
7896137607730;30049099;17706;MANITOL 20% 250ML JP-;;2;R$ 20,00 ;R$ 0,00 ;R$ 20,00 ;R$ 8,00 ;0
7898040320928;30049059;14288;MAREVAN;5MG CX 30 COMP;2;R$ 50,30 ;R$ 10,06 ;R$ 40,24 ;R$ 18,40 ;6
7896112464471;33049910;16004;MATER CARE;60 G;1;R$ 41,40 ;R$ 0,00 ;R$ 41,40 ;R$ 87,29 ;0
7898133138751;30049069;18781;MAXALGINA 100ML INF C/SERINGA - NATULAB LABORATORI;;3;R$ 67,23 ;R$ 33,63 ;R$ 33,60 ;R$ 5,44 ;-1
7898133131011;30049069;18726;MAXALGINA 20 ML DIP SODICA NAT;;16;R$ 244,00 ;R$ 121,92 ;R$ 122,08 ;R$ 1,60 ;-21
7896548111727;30045090;2178;MAXIDEX COLIRIO;COLIRIO 5 ML;1;R$ 8,41 ;R$ 1,68 ;R$ 6,73 ;R$ 5,90 ;2
7897322701738;30049099;15316;MAXSULID 400 MG ;10 COMPRIMIDO;2;R$ 67,68 ;R$ 13,54 ;R$ 54,14 ;R$ 25,50 ;0
7896013544098;33059000;16522;MAXTON + OX 2.0 PRETO NATURAL ;30ML;1;R$ 7,30 ;R$ 0,00 ;R$ 7,30 ;R$ 5,99 ;11
7898910350116;30049079;17839;MELOXICAM;15mg cx 10 comp;3;R$ 65,40 ;R$ 21,80 ;R$ 43,60 ;R$ 3,47 ;3
7891721238086;30049079;13028;MELOXICAM 15 MG.C/10 COMP. MERCK;GENERICO MERCK;10;R$ 384,50 ;R$ 192,29 ;R$ 192,21 ;R$ 6,45 ;5
7896658012402;30049049;19158;MERITOR;2+1000mg cx 30 comp rev;1;R$ 43,45 ;R$ 8,69 ;R$ 34,76 ;R$ 32,33 ;1
7896094901148;30049047;9661;MERTHIOLATE 30 ML ;NOVA FORMULA 30 ML;2;R$ 35,34 ;R$ 7,06 ;R$ 28,28 ;R$ 12,93 ;0
7897917000505;30042069;4582;MICOSBEL POMADA;30 GR-BF;1;R$ 22,40 ;R$ 11,20 ;R$ 11,20 ;R$ 7,97 ;7
7894916206419;30066000;8172;MICROPIL  R 21 C/21 COMPR. ;R 21  SIGMA;3;R$ 85,77 ;R$ 17,16 ;R$ 68,61 ;R$ 20,68 ;1
7896004754123;30043939;19409;MICROPIL CPR REV 1X63-SIMILAR;;1;R$ 58,46 ;R$ 11,69 ;R$ 46,77 ;R$ 38,45 ;0
7891106905961;30066000;16383;MICROVLAR;C/21;4;R$ 32,28 ;R$ 6,44 ;R$ 25,84 ;R$ 5,89 ;12
7896658000089;34049021;19265;MILLAR POM;pom derm bg x 30g;1;R$ 41,56 ;R$ 0,00 ;R$ 41,56 ;R$ 43,50 ;1
78905108;30049099;16955;MINANCORA POM 30G;;2;R$ 18,64 ;R$ 1,86 ;R$ 16,78 ;R$ 7,18 ;5
7896422507561;30043939;19767;MINIMA;0,06+0,015mg cx 72 comp rev+12comp;1;R$ 72,91 ;R$ 14,58 ;R$ 58,33 ;R$ 50,10 ;1
7896676432992;30049099;18545;MIRUGELL COLIRIO 5ML;colirio fr 5ml;2;R$ 33,00 ;R$ 3,30 ;R$ 29,70 ;R$ 17,04 ;3
7897337702270;30049069;14230;MODURETIC 25/2,5;COMPRIMIDO;1;R$ 13,63 ;R$ 2,73 ;R$ 10,90 ;R$ 10,22 ;4
7898074614178;30042099;2604;MONURIL 1X8 G;;5;R$ 260,60 ;R$ 52,10 ;R$ 208,50 ;R$ 37,52 ;5
7898934966478;33019010;17189;MOPH DERME LOCAO OLEOSA  A.G.E 100ML;;5;R$ 60,00 ;R$ 9,60 ;R$ 50,40 ;R$ 3,95 ;28
7896112127314;30049049;16919;MUCOXOLAN;15mg/5ml xpe fr 120ml ped;3;R$ 33,12 ;R$ 11,04 ;R$ 22,08 ;R$ 3,11 ;3
7896472501823;30049099;18412;MULTIGRIP;400+4+4mg 2bl x 10 cap;21;R$ 393,33 ;R$ 196,77 ;R$ 196,56 ;R$ 4,29 ;32
7891317432362;30049039;16018;MUSCULARE 10MG;15CONP;1;R$ 16,46 ;R$ 3,29 ;R$ 13,17 ;R$ 12,35 ;1
7896212410057;30049059;13339;MYLICON GOTAS 15 ML (DIMETICONA);GOTAS 15 ML;2;R$ 46,60 ;R$ 9,32 ;R$ 37,28 ;R$ 17,13 ;3
7896094202603;30049069;16045;NAPRIX A 10MG +10 MG;30 CAPSULAS;1;R$ 56,59 ;R$ 11,32 ;R$ 45,27 ;R$ 41,43 ;1
7896714218700;30049029;15379;NAPRONAX 550 MG;10 COMPRIMIDOS;2;R$ 53,98 ;R$ 26,98 ;R$ 27,00 ;R$ 7,03 ;0
7896004714578;30043929;5364;NARIDRIN 12H.30ML.;12 H.FR C/30ML.;2;R$ 56,06 ;R$ 28,04 ;R$ 28,02 ;R$ 8,25 ;29
7896004803456;30043929;5362;NARIDRIN 15 ML.;AD FR C/ 15ML.;3;R$ 52,41 ;R$ 20,93 ;R$ 31,48 ;R$ 4,89 ;19
7891106904070;30045090;15963;NATELE;30COMP;1;R$ 46,24 ;R$ 9,25 ;R$ 36,99 ;R$ 32,70 ;1
7891058224028;30049099;1662;NATURETTI CAPS. C/16;C/16 CAPS;1;R$ 44,70 ;R$ 0,00 ;R$ 44,70 ;R$ 31,29 ;3
7896641804588;30042099;14742;NEBACETIN;POMADA BG 15G;2;R$ 33,72 ;R$ 6,74 ;R$ 26,98 ;R$ 12,28 ;5
7898301059796;90192020;20091;NEBULIZADOR G-TECH MODELO NEBCOM V BRANCO;;1;R$ 150,00 ;R$ 30,00 ;R$ 120,00 ;R$ 84,99 ;6
7896714201108;30045090;8953;NEO FOLICO (ACIDO FOLICO) 5MG;ACIDO FOLICO 5MG;1;R$ 9,74 ;R$ 4,87 ;R$ 4,87 ;R$ 2,54 ;0
7896714233840;30049069;18978;NEOCOPAN;6,667+333,4mg/ml sol fr gts 20ml;8;R$ 112,16 ;R$ 35,03 ;R$ 77,13 ;R$ 6,68 ;7
7896714213446;30043939;21179;NEODIA 1,5MG 1 COMP;1,5mg cx 1 comp;13;R$ 218,92 ;R$ 109,46 ;R$ 109,46 ;R$ 2,67 ;16
7896714254784;30049045;20294;NEOLEFRIN;40mg+1mg+0,4mg/ml xpe fr 60ml;1;R$ 19,55 ;R$ 9,78 ;R$ 9,77 ;R$ 6,04 ;13
7896714265933;30049099;20654;NEOLEFRIN 20COMP;400+20+400+4mg cx 20 comp;9;R$ 157,23 ;R$ 78,57 ;R$ 78,66 ;R$ 4,83 ;11
7896714270029;30049069;15862;NEOPIRIDIN;SPRAY FR 50ML;1;R$ 29,18 ;R$ 14,59 ;R$ 14,59 ;R$ 9,11 ;4
7896714283005;30049069;7994;NEOPIRIDIN C/12 PAST.NEO QUIMICA;C/12 PASTILHA;13;R$ 96,33 ;R$ 19,24 ;R$ 77,09 ;R$ 4,75 ;59
7896641808630;30049069;17371;NEOSALDINA 30 DRAG;;28;R$ 840,00 ;R$ 186,00 ;R$ 654,00 ;R$ 22,24 ;13
7896641804663;30049069;15810;NEOSALDINA GOTAS;15 ML;2;R$ 55,10 ;R$ 11,02 ;R$ 44,08 ;R$ 20,07 ;2
7896714231143;30049099;16120;NEOSORO;30 ML;29;R$ 256,36 ;R$ 128,18 ;R$ 128,18 ;R$ 2,32 ;54
7896714225296;30049039;16049;NEOSORO H 3%;60 ML;2;R$ 41,32 ;R$ 20,66 ;R$ 20,66 ;R$ 7,97 ;2
7896714230023;30049039;15994;NEOSORO INFANTIL;30 ML;2;R$ 17,40 ;R$ 8,70 ;R$ 8,70 ;R$ 3,27 ;-1
7891106905992;30066000;16641;NEOVLAR;0,25mg+0,05mg cx 21 drg;1;R$ 6,98 ;R$ 0,00 ;R$ 6,98 ;R$ 5,07 ;48
7894916501736;30045090;13143;NEUTROFER FOLICO GOTAS 30 ML;GOTAS FR C/30ML                                   ;1;R$ 46,81 ;R$ 9,36 ;R$ 37,45 ;R$ 36,31 ;2
7891010611347;33049990;21296;NEUTROGENA NORW HD CORP FRAG500ML;;1;R$ 108,43 ;R$ 21,69 ;R$ 86,74 ;R$ 70,84 ;0
7891010814953;33049990;21279;NEUTROGENA NORW HD CORP IN 200ML;;1;R$ 57,00 ;R$ 11,40 ;R$ 45,60 ;R$ 38,00 ;0
7891010611330;33049990;21264;NEUTROGENA NORW HD CORP IN 500ML;;1;R$ 97,60 ;R$ 19,52 ;R$ 78,08 ;R$ 65,06 ;0
7891010514846;33049990;19376;NEUTROGENA SUN FRESH CORPO FPS30 200ML-OUTROS;;1;R$ 42,90 ;R$ 8,58 ;R$ 34,32 ;R$ 28,22 ;3
7896523207360;30049039;18721;NEVRALGEX;300+50+35mg cx 100 comp;6;R$ 309,96 ;R$ 154,98 ;R$ 154,98 ;R$ 7,99 ;6
7899547507430;30042099;18730;NISTATINA CR VG 60G+14 APL / GEN NISTATINA;;1;R$ 15,85 ;R$ 7,92 ;R$ 7,93 ;R$ 7,00 ;8
7896112126430;30049099;21011;NISTATINA SUSP 50ML;100000ui/g sus oral fr 50ml;1;R$ 23,16 ;R$ 11,58 ;R$ 11,58 ;R$ 6,72 ;0
7896658005084;30049079;15135;NISULID (NIMESULIDA 100 MG);12 COMPRIMIDOS;1;R$ 49,70 ;R$ 9,94 ;R$ 39,76 ;R$ 36,38 ;2
7896714273426;30049079;20961;NITAZOXANIDA 500MG 6 COMP;500mg cx 6 comp rev;2;R$ 106,04 ;R$ 53,02 ;R$ 53,02 ;R$ 19,36 ;1
7896004714196;30066000;5461;NOCICLIN C/21 COMPRIMIDO;C/21 COMPRIMIDO;1;R$ 11,28 ;R$ 5,64 ;R$ 5,64 ;R$ 2,69 ;-1
7891317460518;30043999;18838;NOEX;50mcg dose susp nas fr 200 doses;1;R$ 56,51 ;R$ 11,30 ;R$ 45,21 ;R$ 40,88 ;0
7896070603271;30049069;1623;NOOTROPIL 800 MG C/30 COMPR;CX.C/30 COMP.;1;R$ 34,37 ;R$ 6,87 ;R$ 27,50 ;R$ 25,78 ;1
7891045008440;30066000;14851;NORDETTE 150/30MG;3 BLISTERES COM 21 DRAGEAS;2;R$ 52,32 ;R$ 10,46 ;R$ 41,86 ;R$ 19,61 ;1
7896641805912;30049099;15855;NORIPURUM;30 COMPRIMIDOS;2;R$ 108,68 ;R$ 21,74 ;R$ 86,94 ;R$ 41,14 ;1
7896641801822;30049099;1629;NORIPURUM AMP.5 ML INDOVENOSA;"GELADEIRA  5 ML X 5 AMPOLAS""IV""";1;R$ 13,85 ;R$ 0,00 ;R$ 13,85 ;R$ 10,00 ;9
7896641805929;30049099;15986;NORIPURUM FOLICO;30 COMP;1;R$ 56,76 ;R$ 11,35 ;R$ 45,41 ;R$ 42,96 ;2
7896658021121;30049099;18966;NOTUSS TSS;3,0mg/ml xpe fr 120ml+cop;2;R$ 38,20 ;R$ 7,64 ;R$ 30,56 ;R$ 12,61 ;5
7896658000560;30049077;1299;NOVACORT CREME 30 G;"CREME""ACHE""30 GR";2;R$ 60,44 ;R$ 12,08 ;R$ 48,36 ;R$ 22,77 ;3
7896658000577;30049077;1300;NOVACORT POMADA 30 G;"ACHE""30 GR POMADA";2;R$ 60,44 ;R$ 12,08 ;R$ 48,36 ;R$ 22,77 ;2
7891058487096;30049069;749;NOVALGINA GOTAS 10 ML         ;10 ML  GOTAS;2;R$ 21,48 ;R$ 4,30 ;R$ 17,18 ;R$ 7,96 ;4
7891058464073;30049069;937;NOVALGINA SOL.ORAL 100 ML  *;100 ML;3;R$ 73,47 ;R$ 14,70 ;R$ 58,77 ;R$ 18,15 ;2
7896658002953;30041012;7928;NOVAMOX 2X  100 ML  400 MG/57 MG;"2X""100 ML"" 400MG/57MG";1;R$ 101,90 ;R$ 20,38 ;R$ 81,52 ;R$ 71,50 ;2
7899620910478;30039079;19655;NOVOPRAZOL 20MG C/28 COMP(+) - GLOBO;;1;R$ 18,32 ;R$ 9,16 ;R$ 9,16 ;R$ 3,91 ;25
7896251800963;34011190;2816;OILATUM SABONETE 100 G;;1;R$ 36,81 ;R$ 7,36 ;R$ 29,45 ;R$ 24,54 ;0
7896902211933;30049099;19400;OLEO RICINO MEDIC 30ML E24-FARMAX;;1;R$ 3,00 ;R$ 0,00 ;R$ 3,00 ;R$ 2,29 ;49
7896732600020;30039099;2964;OLINA ESSENCIA DE VIDA 60 ML;WESP LTDA 60 ML;1;R$ 17,62 ;R$ 3,52 ;R$ 14,10 ;R$ 13,49 ;6
7899095240162;30049069;19903;OMENAX;20mg cx 56 cap;10;R$ 320,70 ;R$ 160,40 ;R$ 160,30 ;R$ 5,74 ;7
7899095200869;30049069;18789;OMENAX;20mg cx 28 cap;6;R$ 105,90 ;R$ 52,92 ;R$ 52,98 ;R$ 3,40 ;3
7896112148715;30049069;15088;OMEPRAZOL;20MG CX 28 CAP;6;R$ 200,34 ;R$ 100,20 ;R$ 100,14 ;R$ 4,72 ;5
7896548199435;33079000;18723;OPTI FREE EXPRESS 355+120ML+PORTA LENTE-REFERENCIA;;1;R$ 44,88 ;R$ 0,00 ;R$ 44,88 ;R$ 32,61 ;3
7897316806371;30049099;19543;OPTIVE SOL ESTERIL 10 ML ;;1;R$ 45,63 ;R$ 9,13 ;R$ 36,50 ;R$ 40,81 ;3
7891058018573;21069030;19443;OS-CAL KIDS SUSP 150ML;;1;R$ 25,50 ;R$ 5,10 ;R$ 20,40 ;R$ 22,50 ;4
7896658030192;30049029;20735;OXOTRON 60MG 15 COMP;60mg cx 16 comp;1;R$ 27,04 ;R$ 5,41 ;R$ 21,63 ;R$ 18,97 ;1
7500435132732;96190000;21208;PAMP SUPERSEC PCTAO G 26UN;;2;R$ 44,00 ;R$ 0,00 ;R$ 44,00 ;R$ 17,67 ;1
7500435132725;96190000;21277;PAMP SUPERSEC PCTAO M 30UN;;1;R$ 22,00 ;R$ 0,00 ;R$ 22,00 ;R$ 17,67 ;4
7500435000499;96190000;21115;PAMP SUPERSEC PCTE ECO M 20UN;;3;R$ 48,00 ;R$ 0,00 ;R$ 48,00 ;R$ 13,51 ;4
7500435000482;96190000;21117;PAMP SUPERSEC PCTE ECO P 24UN;;2;R$ 32,00 ;R$ 0,00 ;R$ 32,00 ;R$ 13,51 ;-2
7899095220805;30045090;16281;PANTODEX;30G;3;R$ 55,65 ;R$ 12,99 ;R$ 42,66 ;R$ 6,28 ;9
7896112132073;30049069;20340;PANTOPRAZOL;40mg cx 28 comp rev;3;R$ 170,58 ;R$ 85,29 ;R$ 85,29 ;R$ 9,64 ;1
7896422506625;30049099;21197;PANTOPRAZOL 40MG 28 COMP;40mg cx 28 comp;1;R$ 75,73 ;R$ 0,00 ;R$ 75,73 ;R$ 11,40 ;0
7898277712565;21069030;17390;PANTOVIT 10ML ABACAXI C\60;;1;R$ 138,60 ;R$ 69,30 ;R$ 69,30 ;R$ 19,50 ;0
7899095202078;30049045;18348;PARACETAMOL;200mg sol oral fr gts 15ml;6;R$ 54,24 ;R$ 27,12 ;R$ 27,12 ;R$ 2,01 ;-4
7898148295142;30049045;18097;PARACETAMOL 750MG 12 COMP;750MG 12 COMP;1;R$ 176,36 ;R$ 88,18 ;R$ 88,18 ;R$ 43,26 ;12
7896658002670;30049063;3047;PARASIN SUSP. ORAL 10 ML;;5;R$ 59,85 ;R$ 11,95 ;R$ 47,90 ;R$ 8,40 ;0
7896548140581;30045090;15454;PATANOL S;2,5 ML;2;R$ 117,98 ;R$ 23,60 ;R$ 94,38 ;R$ 43,88 ;1
7891317007638;30041019;1047;PEN-VE-ORAL LIQ. *;LIQ.;1;R$ 25,12 ;R$ 5,02 ;R$ 20,10 ;R$ 17,19 ;0
7897595903747;30049099;16700;PEPSAMAR;230mg cx 50 comp;1;R$ 23,45 ;R$ 4,69 ;R$ 18,76 ;R$ 17,46 ;3
7891317411909;30049069;14752;PERCOF;XPE FR 120ML;1;R$ 32,71 ;R$ 6,54 ;R$ 26,17 ;R$ 23,31 ;1
7891317191672;30049069;20182;PERGO;2mg/ml sol or fr 120ml;4;R$ 140,28 ;R$ 28,04 ;R$ 112,24 ;R$ 26,31 ;1
7891024179925;33069000;15927;PERIOGARDE;250ML;2;R$ 55,00 ;R$ 11,00 ;R$ 44,00 ;R$ 21,98 ;8
7897337713399;30066000;20187;PEROLA;75mcg cx 3 x 28 comp;2;R$ 182,17 ;R$ 18,22 ;R$ 163,95 ;R$ 65,88 ;0
7896676401776;30049099;15060;PHOSFOENEMA;FR 130ML;2;R$ 29,78 ;R$ 5,96 ;R$ 23,82 ;R$ 11,08 ;6
7891317477172;30049069;17999;PIEMONTE;5mg cx 30 comp mast;1;R$ 54,62 ;R$ 10,92 ;R$ 43,70 ;R$ 39,51 ;1
7898277712886;21069030;20717;PLANTAGOLD C/30 SACHES 5G LARANJA;;1;R$ 38,56 ;R$ 19,28 ;R$ 19,28 ;R$ 31,57 ;0
7891058059149;30049041;1517;PLASIL C/20 ;C/20 COMPR;3;R$ 29,28 ;R$ 3,90 ;R$ 25,38 ;R$ 7,35 ;6
7896094208858;30049079;20214;PLENANCE;10mg cx 90 comp rev;1;R$ 116,53 ;R$ 23,31 ;R$ 93,22 ;R$ 81,77 ;0
7896512904089;30049099;5252;POLVILHO ANT.100 GR GRANADO.;ANTISSEPTICO GRANADO 100 GR.;1;R$ 11,58 ;R$ 2,32 ;R$ 9,26 ;R$ 8,27 ;20
7898148296255;30042099;15045;PRATIDERM;100MUI+200MG POM DERM BG 60G;10;R$ 265,90 ;R$ 132,93 ;R$ 132,97 ;R$ 9,18 ;2
7898148296552;30043999;16038;PREDNISOLONA;60ML;2;R$ 29,84 ;R$ 14,92 ;R$ 14,92 ;R$ 6,33 ;10
7891142177162;30043999;8948;PREDSIM 15 MG. 5 ML SOL.60 ML;60 ML=15 MG/5ML;2;R$ 51,56 ;R$ 10,32 ;R$ 41,24 ;R$ 18,72 ;6
7898505091509;30066000;20674;PREGNOLAN INJ 1ML;150mg/ml 10mg/ml sol inj amb x 1ml;6;R$ 100,26 ;R$ 50,15 ;R$ 50,11 ;R$ 4,83 ;-1
7896658011276;30043999;18528;PRELONE;11mg/ml fr gts 20ml;1;R$ 31,31 ;R$ 6,26 ;R$ 25,05 ;R$ 22,92 ;1
7896658009518;30043999;17047;PRELONE;3mg sol or fr 60ml+pip dos;1;R$ 25,78 ;R$ 0,00 ;R$ 25,78 ;R$ 18,87 ;4
7896222720030;40141000;16667;PRESERV.JONTEX LUBRIFICADO C3;;13;R$ 38,48 ;R$ 0,00 ;R$ 38,48 ;R$ 27,48 ;235
7896222720009;40141000;16669;PRESERV.JONTEX SENSITIVE LUB.C;;4;R$ 19,60 ;R$ 0,00 ;R$ 19,60 ;R$ 33,30 ;259
7896007200344;40141000;11877;PRESERVATIVO BLOWTEX MENTA C/3;BLOWTEX MENTA;10;R$ 20,00 ;R$ 0,00 ;R$ 20,00 ;R$ 1,76 ;97
7896007200306;40141000;11879;PRESERVATIVO BLOWTEX MORANGO C/3;BLOWTEX MORANGO;10;R$ 20,00 ;R$ 0,00 ;R$ 20,00 ;R$ 1,76 ;168
7896007200375;40141000;14645;PRESERVATIVO BLOWTEX RETARDANTE;3 UNIDADES;5;R$ 30,00 ;R$ 0,00 ;R$ 30,00 ;R$ 4,25 ;116
7896222716279;40141000;3826;PRESERVATIVO OLLA LUBRIF.C/3;OLLA LUBRIFICADO C/3;4;R$ 8,00 ;R$ 0,00 ;R$ 8,00 ;R$ 4,64 ;12
7891317177652;30043937;19363;PRIMERA 20MCG C/63 COMP;;1;R$ 64,49 ;R$ 12,90 ;R$ 51,59 ;R$ 46,65 ;2
7891106908641;30043939;17974;PRIMOSISTON ORAL 30 COMP;2+0,01mg cx 30 comp;1;R$ 10,62 ;R$ 2,12 ;R$ 8,50 ;R$ 7,71 ;1
7899547520408;30049079;18362;PROPIONATO DE CLOBETASOL;0,5mg/g sol cap fr gts x 50g;1;R$ 32,48 ;R$ 16,24 ;R$ 16,24 ;R$ 10,98 ;3
7896472507047;30049069;21272;PROPIONATO DE CLOBETASOL CREME 30G;0,5mg/g crm derm bg x 30g;1;R$ 18,29 ;R$ 9,14 ;R$ 9,15 ;R$ 4,81 ;0
7894916550062;30049036;3257;PROPRANOLOL 80 MG COMPR. C/30 SIGMA;SIGMA ;2;R$ 37,54 ;R$ 18,76 ;R$ 18,78 ;R$ 8,63 ;0
7899640806102;21069030;16968;PROSSO;250+2,5mg cx 30 comp;1;R$ 85,17 ;R$ 17,03 ;R$ 68,14 ;R$ 64,69 ;1
7897018510019;30051090;18245;PROTETOR OFTALMICO PEQUENO C/20 OFTAM-;;1;R$ 18,50 ;R$ 0,00 ;R$ 18,50 ;R$ 16,00 ;1
7897595901033;30043981;2125;PURAN 100 MG C/30 COMPR.;100 MG C/30;2;R$ 24,82 ;R$ 4,96 ;R$ 19,86 ;R$ 9,09 ;5
7897595903372;30043981;14039;PURAN 112 MCG.C/30 COMPR.;112 MG.C/30 COMPR.;1;R$ 24,36 ;R$ 0,00 ;R$ 24,36 ;R$ 17,83 ;3
7897595901446;30043981;8288;PURAN 125 MCG.C/30 COMPR.;C/30 COMPR.125 MCG.;1;R$ 18,21 ;R$ 3,64 ;R$ 14,57 ;R$ 12,56 ;6
7897595901309;30043981;7382;PURAN 25 MG C/30 COMPR.;25 MG C/30 COMPR.;1;R$ 13,15 ;R$ 10,15 ;R$ 3,00 ;R$ 9,62 ;2
7897595901316;30043981;7615;PURAN 50 MG.C/30 COMPR.;50 MG.C/30 COMPR.;4;R$ 58,24 ;R$ 11,64 ;R$ 46,60 ;R$ 10,65 ;3
7897595903365;30043981;14775;PURAN T4;88MCG CX 30 COMP;2;R$ 38,26 ;R$ 6,13 ;R$ 32,13 ;R$ 14,01 ;7
7891058003579;30043981;19381;PURAN T4;62,5mcg cx 30 comp;1;R$ 13,88 ;R$ 0,00 ;R$ 13,88 ;R$ 10,16 ;2
7892953001370;30049069;1354;PYRIDIUM 100 MG DRG. C/25;100 MG.C/25 COMP. PFIZER;2;R$ 27,84 ;R$ 5,56 ;R$ 22,28 ;R$ 10,05 ;2
7891106904582;30066000;16656;QLAIRA;cx 28comp sendo 26hormonios+2place;1;R$ 54,02 ;R$ 5,40 ;R$ 48,62 ;R$ 41,38 ;1
7891106006286;30045090;15355;REDOXON GOTAS ;20 ML;1;R$ 15,76 ;R$ 3,15 ;R$ 12,61 ;R$ 11,82 ;2
7898060133942;30039099;21213;REHIDRAZOL PO SABOR GUARANA C/04 ENV ;;1;R$ 15,12 ;R$ 7,56 ;R$ 7,56 ;R$ 5,34 ;-1
7896902209114;33043000;18509;REMOV. A BASE ACETONA 100ML FARMAX - FARMX;;19;R$ 38,00 ;R$ 0,00 ;R$ 38,00 ;R$ 1,54 ;226
7896046383008;33079000;19720;RENU SENSITIVE;Pack-On 355+120ml  (+12% IPI);1;R$ 48,50 ;R$ 9,70 ;R$ 38,80 ;R$ 40,04 ;1
7894650088807;38089199;17785;REPELENTE OFF KIDS LOCAO 117 ML;;1;R$ 16,00 ;R$ 0,00 ;R$ 16,00 ;R$ 11,98 ;2
7894650012826;38089199;20844;REPELENTE OFF KIDS SPRAY 200ML;;1;R$ 27,60 ;R$ 0,00 ;R$ 27,60 ;R$ 20,93 ;3
7896004734026;30066000;16830;REPOPIL;cx 3bl x 21 comp rev;1;R$ 51,59 ;R$ 10,32 ;R$ 41,27 ;R$ 17,57 ;0
7896331703443;30039055;15925;RESFENOL;20 CAPSULAS;2;R$ 78,88 ;R$ 39,44 ;R$ 39,44 ;R$ 9,22 ;18
7891058061562;30042031;1601;RIFOCINA SPRAY 20 ML;SPRAY 20 ML;4;R$ 120,28 ;R$ 24,04 ;R$ 96,24 ;R$ 22,01 ;2
7898277711421;34011190;16416;SAB COCO;100G;3;R$ 15,00 ;R$ 0,00 ;R$ 15,00 ;R$ 2,63 ;7
7896512904621;34012010;20144;SAB GRANADO GLIC BEBE  250ML;;2;R$ 30,00 ;R$ 3,00 ;R$ 27,00 ;R$ 10,94 ;4
7898277710950;34011190;14646;SABONETE DE AROEIRA;100G;2;R$ 6,00 ;R$ 0,00 ;R$ 6,00 ;R$ 2,63 ;6
7891024034781;34011190;21230;SABONETE PALMOLIVE 85GRS (BRANCO) HIDRATACAO INTEN;;2;R$ 4,00 ;R$ 0,00 ;R$ 4,00 ;R$ 12,23 ;-4
7891024034828;34011190;21231;SABONETE PALMOLIVE 85GRS SEGREDO SEDUTOR TURMALINA;;2;R$ 4,00 ;R$ 0,00 ;R$ 4,00 ;R$ 12,23 ;-4
7898561010766;39232190;21284;SACO LIXO ROLO PEG-LIXO PTO 15 LT 39X58 1X80 UNID;;1;R$ 9,90 ;R$ 1,98 ;R$ 7,92 ;R$ 7,32 ;0
7896015560034;30049029;15084;SAL DE FRUTA ENO;CX 30 ENV DUPLO SB LARANJA;1;R$ 92,39 ;R$ 18,48 ;R$ 73,91 ;R$ 61,31 ;29
7896015517045;30049029;14642;SAL DE FRUTA ENO;FR 100G SB GUARANA;1;R$ 20,22 ;R$ 4,04 ;R$ 16,18 ;R$ 14,68 ;4
7896015560300;30049029;605;SAL DE FRUTA ENO 100 G;"100 G ""VIDRO""";1;R$ 20,22 ;R$ 4,04 ;R$ 16,18 ;R$ 15,43 ;9
7896015560331;30049029;3421;SAL DE FRUTA ENO 100G LARANJA;LARANJA 100 G;6;R$ 121,32 ;R$ 24,24 ;R$ 97,08 ;R$ 15,43 ;8
7898100242757;30039071;18988;SALICETIL;100mg cx 200 comp;1;R$ 35,59 ;R$ 17,80 ;R$ 17,79 ;R$ 9,44 ;0
7896227800027;30051010;8124;SALONPAS EMPLASTRO MEDIC.GRANDE;HISAMITISU FARM.GRANDE C/2;4;R$ 28,84 ;R$ 0,00 ;R$ 28,84 ;R$ 4,55 ;6
7896094207943;30049099;17972;SALSEP 360;9mg sol or fr 50ml;1;R$ 21,90 ;R$ 4,38 ;R$ 17,52 ;R$ 17,30 ;1
7896658028366;30045050;20779;SANY D 7000 8 COMP;7.000ui cx 8 comp rev;1;R$ 28,00 ;R$ 5,60 ;R$ 22,40 ;R$ 21,20 ;2
7898133136047;30049099;17178;SEAKALM 260MG C/20 CPR NATULAB;;1;R$ 43,49 ;R$ 21,75 ;R$ 21,74 ;R$ 11,95 ;1
7899470800882;30049099;17762;SEAKALM SOLUCAO 90MG/ML 100ML;;1;R$ 56,03 ;R$ 28,02 ;R$ 28,01 ;R$ 12,95 ;5
7898060138237;30039079;17526;SECNIMAX;1000mg cx 4 comp;3;R$ 88,05 ;R$ 44,04 ;R$ 44,01 ;R$ 6,25 ;7
7898074618183;30039099;2614;SEKI XAROPE 120ML *;;1;R$ 31,52 ;R$ 6,30 ;R$ 25,22 ;R$ 23,37 ;1
7891317465650;30043999;16295;SELENE;63;1;R$ 52,02 ;R$ 10,40 ;R$ 41,62 ;R$ 37,63 ;0
7896206402853;30049039;16343;SELOZOK 25MG 30 COMP;25mg cx 30 comp;2;R$ 56,80 ;R$ 11,36 ;R$ 45,44 ;R$ 21,30 ;1
7896206402860;30049039;15949;SELOZOK 50MG 30 COMP;50MG 30COMP;3;R$ 170,94 ;R$ 34,20 ;R$ 136,74 ;R$ 42,73 ;3
7898283814703;90183111;20087;SERINGA 1 ML INSULINA C/AGU 13X045 CX100UN;;6;R$ 12,00 ;R$ 0,00 ;R$ 12,00 ;R$ 0,50 ;34
7891463003607;90183119;19902;SERINGA BD PLAST 3ML C/AG 25X7-DISTR;;10;R$ 10,00 ;R$ 0,00 ;R$ 10,00 ;R$ 0,59 ;6
7891150001077;33051000;16886;SH CLEAR ANTI CASPA 200ML QDA CONTROL MEN;;2;R$ 20,82 ;R$ 0,00 ;R$ 20,82 ;R$ 8,99 ;2
7891010800048;33051000;20175;SH JJ BABY 400ML;;1;R$ 13,60 ;R$ 2,72 ;R$ 10,88 ;R$ 11,95 ;1
7891150037519;33051000;19603;SH SEDA LISO PERFEITO 325ML (1-UN);;1;R$ 7,50 ;R$ 0,00 ;R$ 7,50 ;R$ 5,26 ;0
7891150037526;33051000;19477;SH SEDA PRETOS LUMINOSOS 325ML 107889;;1;R$ 7,60 ;R$ 0,00 ;R$ 7,60 ;R$ 5,99 ;0
7891010030094;33051000;6141;SH.JOHNSONS BABY NEUTRO 200 ML;BABY NEUTRO 200 ML.;1;R$ 7,50 ;R$ 0,00 ;R$ 7,50 ;R$ 6,50 ;7
7891150056572;33051000;20600;SH.SEDA BOMBA ARGAN 1X325 ML;;1;R$ 7,90 ;R$ 0,00 ;R$ 7,90 ;R$ 4,69 ;1
7896094208070;30066000;17020;SIBLIMA;0,015mg + 0,060mg comp 72;1;R$ 81,25 ;R$ 16,25 ;R$ 65,00 ;R$ 57,02 ;-1
7899620913028;30049099;21222;SIMETICONA 125MG C/10 CAPS MOLES ;;12;R$ 189,60 ;R$ 94,80 ;R$ 94,80 ;R$ 2,86 ;1
7899620912458;30049099;20734;SIMETICONA 75MG EMUS OR C/15ML GEN ;;4;R$ 46,28 ;R$ 23,16 ;R$ 23,12 ;R$ 1,99 ;2
7896112129301;30049099;20679;SIMETICONA GOTAS 15ML;75mg emul oral fr 15ml;1;R$ 8,81 ;R$ 4,41 ;R$ 4,40 ;R$ 2,42 ;3
7891317469238;30041012;17622;SINOT CLAV;400+57+5ml sus fa x 70ml;3;R$ 173,31 ;R$ 34,65 ;R$ 138,66 ;R$ 41,79 ;1
7899095249059;30049059;21274;SINVASTATINA 20MG 30 COMP;20mg x 30cpr rev;1;R$ 15,52 ;R$ 7,76 ;R$ 7,76 ;R$ 4,73 ;0
7899095249080;30049059;20950;SINVASTATINA 40MG 30 COMP;40mg cx 30 comp rev;1;R$ 31,34 ;R$ 15,67 ;R$ 15,67 ;R$ 12,72 ;0
7899095201187;30049037;17701;SODIX;50mg cx 20 comp rev;41;R$ 423,53 ;R$ 211,97 ;R$ 211,56 ;R$ 2,34 ;98
7896902210905;33079000;20312;SOLUCAO A BASE DE AMONIA 100ML;;3;R$ 6,00 ;R$ 0,00 ;R$ 6,00 ;R$ 1,20 ;8
7894916209908;30049024;3386;SOMALGIN CARDIO 100MG C/32 COMPR;CARDIO 100 MG C/32 COMPR;3;R$ 58,14 ;R$ 7,76 ;R$ 50,38 ;R$ 14,54 ;1
7896004739878;30049099;17619;SOMINEX 20 CP PASSIFLORA+ASSOC EMS.;;1;R$ 45,85 ;R$ 9,17 ;R$ 36,68 ;R$ 7,53 ;-1
7896658012303;30049099;16069;SORINE INF;30ML;1;R$ 12,00 ;R$ 2,40 ;R$ 9,60 ;R$ 8,41 ;4
7896658020315;30049099;16449;SORINE SSC;9mg sol nas fr 50ml s/conserv;1;R$ 21,23 ;R$ 4,25 ;R$ 16,98 ;R$ 16,07 ;1
7896658023224;30049099;18662;SORINE SSC;0,9% sol nas fr spr 100ml;3;R$ 104,58 ;R$ 20,91 ;R$ 83,67 ;R$ 26,39 ;1
7896138700072;33079000;19673;SORO FISIOLOGICO 500ML ARBORETO;;10;R$ 40,00 ;R$ 0,00 ;R$ 40,00 ;R$ 41,99 ;-20
7898148291533;30042069;14456;SULF DE NEOMICINA BAC ZINCICA 5MG/G;POMADA;7;R$ 77,07 ;R$ 38,50 ;R$ 38,57 ;R$ 3,22 ;98
7891010033521;33049990;3772;SUNDOWN FPS 30 120 ML;FPS 30 120 ML;1;R$ 30,82 ;R$ 6,16 ;R$ 24,66 ;R$ 20,55 ;13
7891010008147;33049990;7023;SUNDOWN FPS 50 120 ML;FPS 50 120 ML;1;R$ 34,50 ;R$ 6,90 ;R$ 27,60 ;R$ 24,55 ;11
7898040323141;30049021;16701;SUSTRATE;10mg cx 50 comp;5;R$ 140,20 ;R$ 28,05 ;R$ 112,15 ;R$ 20,69 ;1
7896110003740;96190000;15679;SYM NOTURNO;8 ABSORVENTES;7;R$ 21,00 ;R$ 0,00 ;R$ 21,00 ;R$ 31,88 ;7
7896255762205;30043981;16905;SYNTHROID;137mcg cx 30 comp;1;R$ 43,51 ;R$ 8,70 ;R$ 34,81 ;R$ 32,63 ;0
7896548198247;30049099;18055;SYSTANE UL 10ML;fr 10ml;1;R$ 44,50 ;R$ 8,90 ;R$ 35,60 ;R$ 38,15 ;3
7895296240093;30049079;21249;TADALAFILA 20MG 2 COMP;20mg cx 2 comp rev;2;R$ 73,02 ;R$ 36,50 ;R$ 36,52 ;R$ 4,63 ;0
7891317127800;30049079;21224;TADALAFILA 20MG 4 COMP;20mg cx 4 comp;2;R$ 297,04 ;R$ 148,52 ;R$ 148,52 ;R$ 21,50 ;0
7894916149815;30049079;21220;TADALAFILA 20MG 8 COMP;20mg cx 8 comp rev;1;R$ 112,86 ;R$ 56,43 ;R$ 56,43 ;R$ 32,98 ;0
7891010032241;33049100;7067;TALCO JOHNSONS 200 G.BABY TRADICION;TRADICIONAL 200 G.;2;R$ 15,60 ;R$ 0,00 ;R$ 15,60 ;R$ 8,81 ;11
7896179850040;30049099;3293;TAMARINE CAPS. C/20;BARRENNE C/20 CAPSULAS;1;R$ 54,57 ;R$ 10,91 ;R$ 43,66 ;R$ 37,73 ;0
7891317465032;30043939;19335;TAMISA 20 63 COMP REVESTIDOS;;1;R$ 64,46 ;R$ 12,89 ;R$ 51,57 ;R$ 46,63 ;1
7896658001666;30049099;1378;TANDRILAX COMPR. C/30;CX 30 COMPRIMIDOS;3;R$ 109,86 ;R$ 21,96 ;R$ 87,90 ;R$ 21,56 ;3
7896112423294;30066000;16046;TANTIN;84 COMPRIMIDOS;1;R$ 61,78 ;R$ 12,36 ;R$ 49,42 ;R$ 42,46 ;0
7891058021931;30045090;392;TARGIFOR C EFERV. COMPR. C/16;C/16 COMPRIMIDOS;1;R$ 47,64 ;R$ 9,53 ;R$ 38,11 ;R$ 35,47 ;3
7896004700274;30049073;15255;TENOXICAM;20MG CX 10 COMP;1;R$ 37,81 ;R$ 18,91 ;R$ 18,90 ;R$ 9,60 ;1
7896862910471;30039083;10446;TENOXIL 20 MG C/10 COMPR;"TENOXIL""C/10 COMPRIMIDOS";3;R$ 66,60 ;R$ 33,30 ;R$ 33,30 ;R$ 7,22 ;8
7896255717717;30044990;147;TEOLONG 100 MG CAPS. C/30;;1;R$ 18,62 ;R$ 3,72 ;R$ 14,90 ;R$ 13,74 ;1
7898106008883;38220010;20647;TESTE DE GRAVIDEZ CONFIRA FRASCO+TIRA REAGENTE 1MI;;1;R$ 14,50 ;R$ 7,25 ;R$ 7,25 ;R$ 2,14 ;6
7896112164890;30049099;19528;TEUPANTOL;50mg/g pom derm bg 30g;1;R$ 17,14 ;R$ 3,43 ;R$ 13,71 ;R$ 5,47 ;0
7898148297535;30049066;15698;TINIDAZOL NITRATO DE MICONAZOL;CREME 45G;1;R$ 32,81 ;R$ 16,41 ;R$ 16,40 ;R$ 11,40 ;14
7891350033427;33059000;21255;TINT BIOCOLOR MINI KIT 2.0 PRETO AZULADO INCRIVEL;;1;R$ 10,90 ;R$ 0,00 ;R$ 10,90 ;R$ 6,48 ;1
7891182016865;33059000;21064;TINT SOFT COLOR 40 CAST MEDIO UN;;1;R$ 19,90 ;R$ 3,98 ;R$ 15,92 ;R$ 12,29 ;1
7891182016773;33059000;21065;TINT SOFT COLOR 67 CHOCOLATE UN ;;1;R$ 19,90 ;R$ 3,98 ;R$ 15,92 ;R$ 12,29 ;2
7894916501415;30049099;11250;TORAGESIC 10 MG C/10;10 MG C/10;2;R$ 74,48 ;R$ 14,90 ;R$ 59,58 ;R$ 27,93 ;6
7899640807512;30049099;16608;TORANTE 100ML;15mg xpe fr 100ml+cm;1;R$ 43,41 ;R$ 8,68 ;R$ 34,73 ;R$ 32,32 ;2
7896714200804;30049037;8501;TORSILAX  C/ 10 COMPR. NEO QUIM.; CX/ 30 COMPR.;75;R$ 900,75 ;R$ 450,00 ;R$ 450,75 ;R$ 2,29 ;-20
7897460400357;30039099;290;TRANSAMIN C/12 COMPRIMIDOS;"250 MG""NIKKHO";1;R$ 54,72 ;R$ 4,72 ;R$ 50,00 ;R$ 46,80 ;1
7899095201378;30049069;17608;TRAXONOL;100mg cx 15 cap;4;R$ 290,68 ;R$ 145,36 ;R$ 145,32 ;R$ 19,83 ;9
7896540766918;90251990;14796;TREMOMETRO DIGITAL TERMO MED BRASIL;COMTEM 1 TERMOMETRO;4;R$ 66,00 ;R$ 0,00 ;R$ 66,00 ;R$ 9,36 ;47
7896658015380;30049099;17678;TREZOR;10mg cx 30 comp rev;2;R$ 82,80 ;R$ 16,56 ;R$ 66,24 ;R$ 29,05 ;2
7891106906043;30066000;19086;TRIQUILAR C/21 DRG;;5;R$ 47,95 ;R$ 9,60 ;R$ 38,35 ;R$ 6,97 ;4
7896548140222;30049099;12226;TRISORB SOL.OFTALMICA 15 ML;SOLU�AO 15ML                                      ;1;R$ 20,23 ;R$ 4,05 ;R$ 16,18 ;R$ 15,84 ;3
7891317412524;30049077;13036;TROK CREME 10 GR.;CREME BG C/10G                                    ;1;R$ 14,69 ;R$ 2,94 ;R$ 11,75 ;R$ 10,57 ;2
7891317445737;30049077;16344;TROK-N;20+0,5+2,5mg creme bg 30g;2;R$ 59,24 ;R$ 11,84 ;R$ 47,40 ;R$ 22,22 ;4
7891317445744;30049077;16345;TROK-N POMADA 30G;TROK-N POMADA 30G;2;R$ 59,24 ;R$ 11,84 ;R$ 47,40 ;R$ 22,22 ;0
7896255717885;30049099;150;TROMBOFOB GEL 40 G;;2;R$ 35,90 ;R$ 7,18 ;R$ 28,72 ;R$ 13,70 ;1
7894916208154;30049069;2347;TROPINAL COMPR. C/20           *;;1;R$ 19,18 ;R$ 3,84 ;R$ 15,34 ;R$ 14,39 ;4
7896212428861;30049045;7650;TYLENOL BEBE GOTAS 15 ML.;GOTAS 15 ML BEBE;1;R$ 34,54 ;R$ 6,91 ;R$ 27,63 ;R$ 25,39 ;2
7896212409457;30049045;8524;TYLENOL CRIANCA 60 ML LIQUIDO;60 ML LIQUIDO FRUTAS;1;R$ 24,95 ;R$ 4,99 ;R$ 19,96 ;R$ 16,52 ;2
7896212413560;30049045;11374;TYLENOL DC C/20 COMPR.;C/ 20 COMP. DC;1;R$ 25,11 ;R$ 5,02 ;R$ 20,09 ;R$ 17,84 ;3
7896212415618;30044200;14290;TYLENOL SINUS;COMPRIMIDO;7;R$ 119,77 ;R$ 23,94 ;R$ 95,83 ;R$ 12,79 ;22
7898040321437;30049069;20380;UMCKAN;825mg sol or fr gts 20ml;1;R$ 61,07 ;R$ 7,33 ;R$ 53,74 ;R$ 46,63 ;1
7896094208766;33049910;21268;UMIDITA AI CR HIDRATANTE 45GR;;1;R$ 63,00 ;R$ 12,60 ;R$ 50,40 ;R$ 47,17 ;0
7896006201007;30049069;16556;UROVIT 200 MG;18 DRAGEAS;3;R$ 51,84 ;R$ 10,38 ;R$ 41,46 ;R$ 7,93 ;5
7898948648148;30043939;18363;UTROGESTAN;200mg cx 14 cap;1;R$ 56,80 ;R$ 11,36 ;R$ 45,44 ;R$ 42,60 ;2
7898133137242;30045090;18669;VALESSONE 225,75MG C/20 CPR REV;;1;R$ 30,40 ;R$ 15,20 ;R$ 15,20 ;R$ 9,04 ;1
7896947026110;27121000;16973;VASELINA LIQUIDA AVANTE VD 100ML;;1;R$ 2,70 ;R$ 0,00 ;R$ 2,70 ;R$ 3,45 ;2
7896181907534;30049069;14005;VASOGARD 100 MG C/60 COMPR.;100MG CX 60 COMP                                  ;1;R$ 59,82 ;R$ 11,96 ;R$ 47,86 ;R$ 41,97 ;1
7896112115151;30049079;14218;VENAFLON;450+50MG CX 30 COMP REV;1;R$ 71,92 ;R$ 35,96 ;R$ 35,96 ;R$ 21,74 ;3
7896094206410;30049069;21195;VENZER HCT 16+12,5MG 30 COMP;16+12,5mg cx 30 comp;2;R$ 132,12 ;R$ 26,42 ;R$ 105,70 ;R$ 46,36 ;0
7896714239712;30049069;18083;VERTIGIUM 10 MG 2X25 CPRS;;2;R$ 22,98 ;R$ 11,50 ;R$ 11,48 ;R$ 5,53 ;14
7896658002700;30049069;1357;VERTIZINE D COMPR. C/20;C/20 COMPRIMIDOS;3;R$ 209,43 ;R$ 41,88 ;R$ 167,55 ;R$ 48,98 ;1
7891268106596;30049099;14918;VIAGRA;50MG CX 2 COMP;1;R$ 52,88 ;R$ 10,58 ;R$ 42,30 ;R$ 40,83 ;2
7896093001030;30049099;17717;VICK VAPORUB;12G;6;R$ 70,86 ;R$ 14,16 ;R$ 56,70 ;R$ 224,99 ;2
7590002032817;30049099;11762;VICK VAPORUB 30 GR.;30 GR.;1;R$ 23,54 ;R$ 4,71 ;R$ 18,83 ;R$ 18,69 ;0
7899470800240;30045090;18554;VITER C EFERVESCENTE 1G X 10 - NATULAB LABORATORIO;;7;R$ 146,86 ;R$ 73,43 ;R$ 73,43 ;R$ 3,64 ;12
7896261000797;30049037;4532;VOLTAREN 75 MG.C/1 AMPOLA.;CX.C/5 AMPOLA.3 ML;1;R$ 3,75 ;R$ 0,75 ;R$ 3,00 ;R$ 2,81 ;11
7896241296523;30049069;16058;VONAU;FLASH 4MG CX 10 COMP DES ORAL;3;R$ 104,64 ;R$ 20,94 ;R$ 83,70 ;R$ 25,12 ;3
7897947613942;21069030;20561;VOXX 100% PRO WHEY PO SAC 900G SBR MOR;;1;R$ 53,00 ;R$ 0,00 ;R$ 53,00 ;R$ 46,00 ;3
7897947612662;21069030;20146;VOXX 3X PROTEIN PO SAC 300G SBR BAU;;1;R$ 18,00 ;R$ 0,00 ;R$ 18,00 ;R$ 12,80 ;4
7897947613164;21069030;20155;VOXX ALBUMINA PO SAC 500 G S/ SABOR;;1;R$ 40,00 ;R$ 8,00 ;R$ 32,00 ;R$ 29,31 ;6
7897947607743;21069030;20150;VOXX CREATINE CAPS PT C/ 100;;1;R$ 32,00 ;R$ 0,00 ;R$ 32,00 ;R$ 22,99 ;1
7897947612990;21069030;20151;VOXX PRO BCAA 2400 CAPS PT C/ 100;;1;R$ 35,00 ;R$ 0,00 ;R$ 35,00 ;R$ 27,64 ;2
7896641808647;30049099;16349;XANTINON;100+20mg cx 30 comp rev;7;R$ 65,31 ;R$ 13,09 ;R$ 52,22 ;R$ 7,05 ;45
7590002023228;30049029;10346;XAROPE VICK 44E 120 ML;VICK 44E 120 ML;3;R$ 67,62 ;R$ 9,02 ;R$ 58,60 ;R$ 14,54 ;5
7891317457211;30049069;15964;ZINA;5MG;1;R$ 39,59 ;R$ 7,92 ;R$ 31,67 ;R$ 29,70 ;2
7897316805619;30049099;21225;ZYPRED COL. 3ML;fr 3ml;1;R$ 33,88 ;R$ 6,78 ;R$ 27,10 ;R$ 24,40 ;1
